id;pesid;data_inversa;dia_semana;horario;uf;br;km;municipio;causa_acidente;tipo_acidente;classificacao_acidente;fase_dia;sentido_via;condicao_metereologica;tipo_pista;tracado_via;uso_solo;id_veiculo;tipo_veiculo;marca;ano_fabricacao_veiculo;tipo_envolvido;estado_fisico;idade;sexo;ilesos;feridos_leves;feridos_graves;mortos;latitude;longitude;regional;delegacia;uop
60315;132154;07/08/2017;segunda-feira;16:10:00;MG;365;620;UBERLANDIA;Falta de Atenção à Condução;Engavetamento;Sem Vítimas;Pleno dia;Decrescente;Céu Claro;Dupla;Reta;Não;108322;Caminhão;M.BENZ/ATRON 1719;2014;Condutor;Ileso;31;Masculino;1;0;0;0;-18,8984302;-48,27194899;SPRF-MG;DEL15-MG;UOP01-DEL15-MG
60315;132163;07/08/2017;segunda-feira;16:10:00;MG;365;620;UBERLANDIA;Falta de Atenção à Condução;Engavetamento;Sem Vítimas;Pleno dia;Decrescente;Céu Claro;Dupla;Reta;Não;108331;Caminhão;I/M.BENZ 415 TRANSF AMB;2015;Condutor;Ileso;42;Masculino;1;0;0;0;-18,8984302;-48,27194899;SPRF-MG;DEL15-MG;UOP01-DEL15-MG
61697;134008;13/08/2017;domingo;03:30:00;MG;365;571;INDIANOPOLIS;Falta de Atenção à Condução;Colisão lateral;Com Vítimas Feridas;Plena Noite;Decrescente;Céu Claro;Simples;Declive;Não;109928;Caminhão-trator;SCANIA/LK 140;1978;Condutor;Ileso;67;Masculino;1;0;0;0;-18,92414957;-47,78898239;SPRF-MG;DEL15-MG;UOP02-DEL15-MG
62331;134446;15/08/2017;terça-feira;11:40:00;MG;365;516;MONTE CARMELO;Não guardar distância de segurança;Engavetamento;Com Vítimas Feridas;Pleno dia;Crescente;Céu Claro;Simples;Reta;Não;110318;Caminhão;VW/24.250 CNC 6X2;2008;Condutor;Ileso;36;Masculino;1;0;0;0;-18,927913;-47,329459;SPRF-MG;DEL10-MG;UOP01-DEL10-MG
62533;135212;16/08/2017;quarta-feira;09:00:00;MG;365;489,8;PATROCINIO;Falta de Atenção à Condução;Saída de leito carroçável;Com Vítimas Feridas;Pleno dia;Crescente;Céu Claro;Simples;Reta;Não;110881;Caminhão;M.BENZ/L 608 D;1984;Condutor;Lesões Leves;58;Masculino;0;1;0;0;-18,90108961;-46,95350647;SPRF-MG;DEL10-MG;UOP01-DEL10-MG
63252;136461;18/08/2017;sexta-feira;23:00:00;MG;365;689;MONTE ALEGRE DE MINAS;Falta de Atenção à Condução;Colisão traseira;Com Vítimas Feridas;Plena Noite;Decrescente;Céu Claro;Dupla;"Reta;Declive";Sim;111953;Caminhão;M.BENZ/ATEGO 2426;2012;Condutor;Lesões Leves;29;Masculino;0;1;0;0;-18,8692;-48,8695;SPRF-MG;DEL15-MG;UOP03-DEL15-MG
63252;136463;18/08/2017;sexta-feira;23:00:00;MG;365;689;MONTE ALEGRE DE MINAS;Falta de Atenção à Condução;Colisão traseira;Com Vítimas Feridas;Plena Noite;Decrescente;Céu Claro;Dupla;"Reta;Declive";Sim;111954;Caminhão;M.BENZ/L 1620;2011;Condutor;Ileso;31;Masculino;1;0;0;0;-18,8692;-48,8695;SPRF-MG;DEL15-MG;UOP03-DEL15-MG
64384;138904;22/08/2017;terça-feira;22:40:00;MG;365;702;MONTE ALEGRE DE MINAS;Defeito Mecânico no Veículo;Tombamento;Sem Vítimas;Plena Noite;Decrescente;Céu Claro;Dupla;Reta;Não;113892;Caminhão-trator;SCANIA/R 440 A6X4;2013;Condutor;Ileso;59;Masculino;1;0;0;0;-18,8795;-48,9893;SPRF-MG;DEL15-MG;UOP03-DEL15-MG
64586;139333;23/08/2017;quarta-feira;13:30:00;MG;365;664;MONTE ALEGRE DE MINAS;Fenômenos da Natureza;Incêndio;Sem Vítimas;Pleno dia;Decrescente;Céu Claro;Dupla;Reta;Não;114242;Caminhão;M.BENZ/L 1113;1973;Condutor;Ileso;58;Masculino;1;0;0;0;-18,89231949;-48,63801956;SPRF-MG;DEL15-MG;UOP01-DEL15-MG
66204;143291;30/08/2017;quarta-feira;08:30:00;MG;365;620;UBERLANDIA;Falta de Atenção à Condução;Colisão lateral;Com Vítimas Feridas;Pleno dia;Crescente;Sol;Múltipla;"Declive;Em Obras;Reta";Sim;117452;Caminhão-trator;SCANIA/R124 LA6X2NA 360;2004;Condutor;Ileso;37;Masculino;1;0;0;0;-18,88987726;-48,27023417;SPRF-MG;DEL15-MG;UOP01-DEL15-MG
67890;147278;04/09/2017;segunda-feira;04:30:00;MG;365;454,5;PATROCINIO;Falta de Atenção à Condução;Saída de leito carroçável;Sem Vítimas;Amanhecer;Crescente;Céu Claro;Simples;Reta;Não;120280;Caminhão-trator;SCANIA/R 440 A6X2;2012;Condutor;Ileso;32;Masculino;1;0;0;0;-18,83749893;-46,84159648;SPRF-MG;DEL10-MG;UOP01-DEL10-MG
70409;152144;15/09/2017;sexta-feira;17:30:00;MG;365;636;UBERLANDIA;Não guardar distância de segurança;Colisão traseira;Com Vítimas Feridas;Pleno dia;Crescente;Céu Claro;Dupla;Reta;Não;124925;Caminhão-trator;VOLVO/FH 460 6X2T;2012;Condutor;Ileso;44;Masculino;1;0;0;0;-18,89516171;-48,4009552;SPRF-MG;DEL15-MG;UOP01-DEL15-MG
70947;153365;17/09/2017;domingo;06:30:00;MG;365;590;INDIANOPOLIS;Ultrapassagem Indevida;Saída de leito carroçável;Sem Vítimas;Amanhecer;Decrescente;Céu Claro;Simples;"Reta;Aclive";Não;125852;Caminhão-trator;VOLVO/FH 460 6X4T;2013;Condutor;Ileso;56;Masculino;1;0;0;0;-18,87429051;-48,02778244;SPRF-MG;DEL15-MG;UOP02-DEL15-MG
71096;153373;28/08/2017;segunda-feira;15:00:00;MG;365;638,2;UBERLANDIA;Falta de Atenção à Condução;Colisão traseira;Com Vítimas Feridas;Pleno dia;Decrescente;Céu Claro;Dupla;Aclive;Não;126104;Caminhão-trator;SCANIA/P 360 A6X2;2016;Condutor;Ileso;27;Masculino;1;0;0;0;-18,891651;-48,424875;SPRF-MG;DEL15-MG;UOP01-DEL15-MG
71187;153843;18/09/2017;segunda-feira;09:45:00;MG;365;494;PATROCINIO;Desobediência às normas de trânsito pelo condutor;Colisão lateral;Com Vítimas Feridas;Pleno dia;Decrescente;Céu Claro;Simples;Reta;Não;126409;Caminhão-trator;VOLVO/FH 460 6X2T;2012;Condutor;Ileso;38;Masculino;1;0;0;0;-18,91571542;-47,19848394;SPRF-MG;DEL10-MG;UOP01-DEL10-MG
71187;153846;18/09/2017;segunda-feira;09:45:00;MG;365;494;PATROCINIO;Desobediência às normas de trânsito pelo condutor;Colisão lateral;Com Vítimas Feridas;Pleno dia;Decrescente;Céu Claro;Simples;Reta;Não;126410;Caminhão-trator;VW/25.320 CLC T 6X2;2011;Condutor;Ileso;39;Masculino;1;0;0;0;-18,91571542;-47,19848394;SPRF-MG;DEL10-MG;UOP01-DEL10-MG
71417;154306;19/09/2017;terça-feira;10:40:00;MG;365;623;UBERLANDIA;Não guardar distância de segurança;Colisão lateral;Com Vítimas Feridas;Pleno dia;Decrescente;Céu Claro;Dupla;Reta;Sim;126825;Caminhão-trator;IVECO/STRALIS 570S41T;2010;Condutor;Ileso;45;Masculino;1;0;0;0;-18,90975776;-48,30814892;SPRF-MG;DEL15-MG;UOP01-DEL15-MG
71892;157396;21/09/2017;quinta-feira;14:00:00;MG;365;493,5;PATROCINIO;Não guardar distância de segurança;Colisão traseira;Com Vítimas Feridas;Pleno dia;Decrescente;Sol;Simples;Reta;Não;127845;Caminhão;M.BENZ/1718;2010;Condutor;Ileso;40;Masculino;1;0;0;0;-18,90335011;-47,15144828;SPRF-MG;DEL10-MG;UOP01-DEL10-MG
71892;157410;21/09/2017;quinta-feira;14:00:00;MG;365;493,5;PATROCINIO;Não guardar distância de segurança;Colisão traseira;Com Vítimas Feridas;Pleno dia;Decrescente;Sol;Simples;Reta;Não;127845;Caminhão;M.BENZ/1718;2010;Passageiro;Ileso;38;Masculino;1;0;0;0;-18,90335011;-47,15144828;SPRF-MG;DEL10-MG;UOP01-DEL10-MG
71892;157413;21/09/2017;quinta-feira;14:00:00;MG;365;493,5;PATROCINIO;Não guardar distância de segurança;Colisão traseira;Com Vítimas Feridas;Pleno dia;Decrescente;Sol;Simples;Reta;Não;127845;Caminhão;M.BENZ/1718;2010;Passageiro;Ileso;44;Masculino;1;0;0;0;-18,90335011;-47,15144828;SPRF-MG;DEL10-MG;UOP01-DEL10-MG
71892;157407;21/09/2017;quinta-feira;14:00:00;MG;365;493,5;PATROCINIO;Não guardar distância de segurança;Colisão traseira;Com Vítimas Feridas;Pleno dia;Decrescente;Sol;Simples;Reta;Não;127845;Caminhão;M.BENZ/1718;2010;Passageiro;Lesões Graves;55;Masculino;0;0;1;0;-18,90335011;-47,15144828;SPRF-MG;DEL10-MG;UOP01-DEL10-MG
71892;157417;21/09/2017;quinta-feira;14:00:00;MG;365;493,5;PATROCINIO;Não guardar distância de segurança;Colisão traseira;Com Vítimas Feridas;Pleno dia;Decrescente;Sol;Simples;Reta;Não;127847;Caminhão;M.BENZ/L 2013;1973;Condutor;Ileso;52;Masculino;1;0;0;0;-18,90335011;-47,15144828;SPRF-MG;DEL10-MG;UOP01-DEL10-MG
74255;160218;30/09/2017;sábado;07:10:00;MG;365;629,3;UBERLANDIA;Pista Escorregadia;Saída de leito carroçável;Com Vítimas Feridas;Pleno dia;Decrescente;Chuva;Dupla;Reta;Sim;131811;Caminhão;VW/9.150 E DELIVERY;2011;Condutor;Lesões Leves;38;Masculino;0;1;0;0;-18,90609365;-48,32087517;SPRF-MG;DEL15-MG;UOP01-DEL15-MG
74546;162010;30/09/2017;sábado;23:30:00;MG;365;432,6;PATOS DE MINAS;Falta de Atenção à Condução;Saída de leito carroçável;Sem Vítimas;Plena Noite;Crescente;Garoa/Chuvisco;Simples;Interseção de Vias;Não;132215;Caminhão;VW/24.250 CNC 6X2;2008;Condutor;Ileso;34;Masculino;1;0;0;0;-18,75900099;-46,66394591;SPRF-MG;DEL10-MG;UOP01-DEL10-MG
75355;162383;03/10/2017;terça-feira;21:00:00;MG;365;634;UBERLANDIA;Falta de Atenção à Condução;Colisão traseira;Sem Vítimas;Plena Noite;Decrescente;Nublado;Simples;Reta;Não;133672;Caminhão-trator;VOLVO/FH 400 6X2T;2009;Condutor;Ileso;52;Masculino;1;0;0;0;-18,9019;-48,3517;SPRF-MG;DEL15-MG;UOP01-DEL15-MG
75355;162385;03/10/2017;terça-feira;21:00:00;MG;365;634;UBERLANDIA;Falta de Atenção à Condução;Colisão traseira;Sem Vítimas;Plena Noite;Decrescente;Nublado;Simples;Reta;Não;133673;Caminhão;VOLVO/VM 270 6X2R;2013;Condutor;Ileso;44;Masculino;1;0;0;0;-18,9019;-48,3517;SPRF-MG;DEL15-MG;UOP01-DEL15-MG
75871;165775;06/10/2017;sexta-feira;05:30:00;MG;365;440,8;GUIMARANIA;Ingestão de Álcool;Colisão lateral;Sem Vítimas;Amanhecer;Crescente;Céu Claro;Simples;Curva;Não;134741;Caminhão-trator;SCANIA/R 440 A6X2;2014;Condutor;Ileso;42;Masculino;1;0;0;0;-18,79686;-46,73372;SPRF-MG;DEL10-MG;UOP01-DEL10-MG
77271;166576;11/10/2017;quarta-feira;05:20:00;MG;365;635,8;UBERLANDIA;Condutor Dormindo;Tombamento;Sem Vítimas;Amanhecer;Crescente;Céu Claro;Dupla;Reta;Não;137240;Caminhão-trator;SCANIA/G 420 A6X4;2010;Condutor;Ileso;43;Masculino;1;0;0;0;-18,89528352;-48,40050459;SPRF-MG;DEL15-MG;UOP01-DEL15-MG
78175;168826;14/10/2017;sábado;11:47:00;MG;365;462,6;PATROCINIO;Mal Súbito;Colisão frontal;Com Vítimas Fatais;Pleno dia;Crescente;Céu Claro;Simples;Reta;Não;138932;Caminhão-trator;IVECO/STRALIHD 570S42TN1;2008;Condutor;Ileso;50;Masculino;1;0;0;0;-18,87433;-46,90822;SPRF-MG;DEL10-MG;UOP01-DEL10-MG
78209;168865;14/10/2017;sábado;14:45:00;MG;365;639;UBERLANDIA;Não guardar distância de segurança;Colisão traseira;Sem Vítimas;Pleno dia;Decrescente;Sol;Dupla;Aclive;Não;138974;Caminhão-trator;SCANIA/R 440 A6X4;2013;Condutor;Ileso;55;Masculino;1;0;0;0;-18,8955;-48,3978;SPRF-MG;DEL15-MG;UOP01-DEL15-MG
78424;169163;15/10/2017;domingo;10:50:00;MG;365;462;PATROCINIO;Falta de Atenção à Condução;Colisão lateral;Sem Vítimas;Pleno dia;Crescente;Sol;Simples;Reta;Não;139234;Caminhão-trator;VOLVO/FH 460 6X2T;2014;Condutor;Ileso;46;Masculino;1;0;0;0;-18,87265426;-46,90558612;SPRF-MG;DEL10-MG;UOP01-DEL10-MG
79061;172364;17/10/2017;terça-feira;16:40:00;MG;365;624,9;UBERLANDIA;Velocidade Incompatível;Colisão com objeto estático;Com Vítimas Feridas;Pleno dia;Crescente;Céu Claro;Dupla;Curva;Não;141892;Caminhão;FORD/CARGO 2428 CN;2011;Condutor;Lesões Graves;36;Masculino;0;0;1;0;-18,9146078;-48,2753801;SPRF-MG;DEL15-MG;UOP01-DEL15-MG
79101;172396;17/10/2017;terça-feira;19:00:00;MG;365;624,9;UBERLANDIA;Falta de Atenção à Condução;Colisão lateral;Sem Vítimas;Anoitecer;Crescente;Céu Claro;Dupla;Reta;Não;141926;Caminhão;IVECO/TECTOR 240E25S;2011;Condutor;Não Informado;0;Não Informado;0;0;0;0;-18,9146078;-48,2753801;SPRF-MG;DEL15-MG;UOP01-DEL15-MG
79820;173766;20/10/2017;sexta-feira;20:20:00;MG;365;720,8;MONTE ALEGRE DE MINAS;Deficiência ou não Acionamento do Sistema de Iluminação/Sinalização do Veículo;Colisão traseira;Com Vítimas Feridas;Plena Noite;Crescente;Céu Claro;Simples;Reta;Não;143046;Caminhão;SCANIA/P 310 B8X2;2012;Condutor;Lesões Leves;36;Masculino;0;1;0;0;-18,87955991;-49,11191581;SPRF-MG;DEL15-MG;UOP03-DEL15-MG
80094;172987;21/10/2017;sábado;21:30:00;MG;365;636;UBERLANDIA;Falta de Atenção à Condução;Colisão transversal;Com Vítimas Feridas;Plena Noite;Decrescente;Vento;Dupla;Retorno Regulamentado;Não;142264;Caminhão-trator;VOLVO/FH 540 6X4T;2012;Condutor;Ileso;33;Masculino;1;0;0;0;-18,89280674;-48,41691971;SPRF-MG;DEL15-MG;UOP01-DEL15-MG
80616;173778;13/09/2017;quarta-feira;18:00:00;MG;365;726,2;MONTE ALEGRE DE MINAS;Defeito Mecânico no Veículo;Incêndio;Sem Vítimas;Anoitecer;Decrescente;Céu Claro;Simples;Reta;Não;143058;Caminhão-trator;VOLVO/FH12 380 4X2T;2003;Condutor;Ileso;37;Masculino;1;0;0;0;-18,887663;-49,220548;SPRF-MG;DEL15-MG;UOP03-DEL15-MG
80663;173893;23/10/2017;segunda-feira;18:40:00;MG;365;627;UBERLANDIA;Falta de Atenção à Condução;Colisão lateral;Com Vítimas Feridas;Anoitecer;Crescente;Céu Claro;Dupla;"Curva;Aclive";Sim;143175;Caminhão-trator;VOLVO/FH12 380 4X2T;2003;Condutor;Ileso;30;Masculino;1;0;0;0;-18,9064;-48,297;SPRF-MG;DEL15-MG;UOP01-DEL15-MG
81602;176197;27/10/2017;sexta-feira;19:29:00;MG;365;565;INDIANOPOLIS;Desobediência às normas de trânsito pelo condutor;Colisão frontal;Com Vítimas Feridas;Plena Noite;Decrescente;Chuva;Simples;Reta;Não;145079;Caminhão-trator;M.BENZ/LS 1634;2004;Condutor;Ileso;36;Masculino;1;0;0;0;-18,9316985;-47,72108496;SPRF-MG;DEL15-MG;UOP02-DEL15-MG
82351;177856;30/10/2017;segunda-feira;10:40:00;MG;365;643,1;UBERLANDIA;Falta de Atenção à Condução;Tombamento;Com Vítimas Feridas;Pleno dia;Decrescente;Sol;Dupla;Reta;Não;146305;Caminhão-trator;M.BENZ/AXOR 2544 S;2010;Condutor;Lesões Leves;39;Masculino;0;1;0;0;-18,88997463;-48,43718112;SPRF-MG;DEL15-MG;UOP01-DEL15-MG
82867;178811;01/11/2017;quarta-feira;15:00:00;MG;365;621;UBERLANDIA;Pista Escorregadia;Colisão com objeto estático;Com Vítimas Feridas;Pleno dia;Crescente;Chuva;Dupla;Reta;Sim;147276;Caminhão;VOLVO/VM 260 6X2R;2006;Condutor;Lesões Leves;24;Masculino;0;1;0;0;-18,8887;-48,2692;SPRF-MG;DEL15-MG;UOP01-DEL15-MG
83270;179612;01/10/2017;domingo;05:30:00;MG;365;446;GUIMARANIA;Falta de Atenção à Condução;Tombamento;Com Vítimas Feridas;Amanhecer;Decrescente;Céu Claro;Simples;Declive;Não;147925;Caminhão-trator;VOLVO/FH 460 6X4T;2014;Condutor;Lesões Leves;48;Masculino;0;1;0;0;-18,8005306;-46,75631046;SPRF-MG;DEL10-MG;UOP01-DEL10-MG
84105;182928;06/11/2017;segunda-feira;15:30:00;MG;365;623,1;UBERLANDIA;Falta de Atenção à Condução;Saída de leito carroçável;Com Vítimas Feridas;Pleno dia;Decrescente;Céu Claro;Múltipla;Interseção de Vias;Sim;150689;Caminhão;VW/17.250 CNC;2010;Condutor;Ileso;45;Masculino;1;0;0;0;-18,8892336;-48,26954842;SPRF-MG;DEL15-MG;UOP01-DEL15-MG
84218;181999;07/11/2017;terça-feira;06:40:00;MG;365;745,5;ITUIUTABA;Falta de Atenção à Condução;Colisão frontal;Com Vítimas Feridas;Amanhecer;Crescente;Nublado;Simples;Reta;Não;149925;Caminhão-trator;SCANIA/R124 GA4X2NZ 420;2001;Condutor;Ileso;47;Masculino;1;0;0;0;-18,9080496;-49,34274708;SPRF-MG;DEL15-MG;UOP03-DEL15-MG
85847;185717;13/11/2017;segunda-feira;12:50:00;MG;365;492;PATROCINIO;Ultrapassagem Indevida;Colisão frontal;Com Vítimas Fatais;Pleno dia;Crescente;Sol;Simples;"Reta;Aclive";Não;152678;Caminhão-trator;SCANIA/R 440 A6X2;2012;Condutor;Ileso;39;Masculino;1;0;0;0;-18,90373375;-47,14301527;SPRF-MG;DEL10-MG;UOP01-DEL10-MG
85847;185720;13/11/2017;segunda-feira;12:50:00;MG;365;492;PATROCINIO;Ultrapassagem Indevida;Colisão frontal;Com Vítimas Fatais;Pleno dia;Crescente;Sol;Simples;"Reta;Aclive";Não;152679;Caminhão-trator;SCANIA/R124 GA4X2NZ 420;2007;Condutor;Ileso;52;Masculino;1;0;0;0;-18,90373375;-47,14301527;SPRF-MG;DEL10-MG;UOP01-DEL10-MG
86170;187212;14/11/2017;terça-feira;18:00:00;MG;365;610;UBERLANDIA;Velocidade Incompatível;Tombamento;Sem Vítimas;Anoitecer;Crescente;Céu Claro;Simples;Curva;Não;153439;Caminhão-trator;SCANIA/T113 H 4X2 360;1995;Condutor;Ileso;38;Masculino;1;0;0;0;-18,91287981;-48,17361833;SPRF-MG;DEL15-MG;UOP01-DEL15-MG
86189;185977;14/11/2017;terça-feira;19:30:00;MG;365;679,4;MONTE ALEGRE DE MINAS;Velocidade Incompatível;Saída de leito carroçável;Com Vítimas Feridas;Plena Noite;Crescente;Céu Claro;Dupla;Reta;Não;153280;Caminhão;VW/8.160 DRC 4X2;2015;Condutor;Lesões Leves;45;Masculino;0;1;0;0;-18,851935;-48,787226;SPRF-MG;DEL15-MG;UOP01-DEL15-MG
86321;186145;15/11/2017;quarta-feira;12:00:00;MG;365;474,6;PATROCINIO;Falta de Atenção do Pedestre;Atropelamento de Pedestre;Com Vítimas Fatais;Pleno dia;Crescente;Céu Claro;Simples;Reta;Não;153487;Caminhão;VOLVO/VM 270 8X2R;2014;Condutor;Óbito;35;Masculino;0;0;0;1;-18,92240394;-46,98912621;SPRF-MG;DEL10-MG;UOP01-DEL10-MG
86321;186177;15/11/2017;quarta-feira;12:00:00;MG;365;474,6;PATROCINIO;Falta de Atenção do Pedestre;Atropelamento de Pedestre;Com Vítimas Fatais;Pleno dia;Crescente;Céu Claro;Simples;Reta;Não;153488;Caminhão-trator;SCANIA/R 440 A6X2;2013;Condutor;Ileso;27;Masculino;1;0;0;0;-18,92240394;-46,98912621;SPRF-MG;DEL10-MG;UOP01-DEL10-MG
88447;191828;23/11/2017;quinta-feira;05:20:00;MG;365;663;UBERLANDIA;Velocidade Incompatível;Colisão traseira;Com Vítimas Feridas;Amanhecer;Crescente;Nublado;Dupla;Reta;Não;158149;Caminhão-trator;M.BENZ/LS 1634;2010;Condutor;Ileso;39;Masculino;1;0;0;0;-18,8864;-48,6139;SPRF-MG;DEL15-MG;UOP01-DEL15-MG
89858;194134;28/11/2017;terça-feira;13:30:00;MG;365;619;UBERLANDIA;Não guardar distância de segurança;Engavetamento;Com Vítimas Feridas;Pleno dia;Crescente;Nublado;Dupla;Reta;Sim;159928;Caminhão-trator;IVECO/STRALIS 570S41T;2011;Condutor;Ileso;31;Masculino;1;0;0;0;-18,88934072;-48,25814869;SPRF-MG;DEL15-MG;UOP01-DEL15-MG
89858;194012;28/11/2017;terça-feira;13:30:00;MG;365;619;UBERLANDIA;Não guardar distância de segurança;Engavetamento;Com Vítimas Feridas;Pleno dia;Crescente;Nublado;Dupla;Reta;Sim;159927;Caminhão-trator;SCANIA/R114GA4X2NZ 380;2007;Condutor;Ileso;35;Masculino;1;0;0;0;-18,88934072;-48,25814869;SPRF-MG;DEL15-MG;UOP01-DEL15-MG
89858;194138;28/11/2017;terça-feira;13:30:00;MG;365;619;UBERLANDIA;Não guardar distância de segurança;Engavetamento;Com Vítimas Feridas;Pleno dia;Crescente;Nublado;Dupla;Reta;Sim;159929;Caminhão;IVECO/EUROCARGO 230E24;2009;Condutor;Lesões Leves;36;Masculino;0;1;0;0;-18,88934072;-48,25814869;SPRF-MG;DEL15-MG;UOP01-DEL15-MG
89967;194018;28/11/2017;terça-feira;21:00:00;MG;365;709;MONTE ALEGRE DE MINAS;Falta de Atenção à Condução;Tombamento;Sem Vítimas;Plena Noite;Crescente;Nublado;Simples;Rotatória;Não;159943;Caminhão-trator;VOLVO/FH 400 4X2T;2010;Condutor;Ileso;47;Masculino;1;0;0;0;-18,87902134;-49,05700743;SPRF-MG;DEL15-MG;UOP03-DEL15-MG
89967;194020;28/11/2017;terça-feira;21:00:00;MG;365;709;MONTE ALEGRE DE MINAS;Falta de Atenção à Condução;Tombamento;Sem Vítimas;Plena Noite;Crescente;Nublado;Simples;Rotatória;Não;159944;Caminhão;I/M.BENZ 415CDISPRINTERF;2017;Condutor;Ileso;58;Masculino;1;0;0;0;-18,87902134;-49,05700743;SPRF-MG;DEL15-MG;UOP03-DEL15-MG
89967;194021;28/11/2017;terça-feira;21:00:00;MG;365;709;MONTE ALEGRE DE MINAS;Falta de Atenção à Condução;Tombamento;Sem Vítimas;Plena Noite;Crescente;Nublado;Simples;Rotatória;Não;159944;Caminhão;I/M.BENZ 415CDISPRINTERF;2017;Passageiro;Ileso;17;Masculino;1;0;0;0;-18,87902134;-49,05700743;SPRF-MG;DEL15-MG;UOP03-DEL15-MG
89967;194022;28/11/2017;terça-feira;21:00:00;MG;365;709;MONTE ALEGRE DE MINAS;Falta de Atenção à Condução;Tombamento;Sem Vítimas;Plena Noite;Crescente;Nublado;Simples;Rotatória;Não;159944;Caminhão;I/M.BENZ 415CDISPRINTERF;2017;Passageiro;Ileso;49;Feminino;1;0;0;0;-18,87902134;-49,05700743;SPRF-MG;DEL15-MG;UOP03-DEL15-MG
89967;194023;28/11/2017;terça-feira;21:00:00;MG;365;709;MONTE ALEGRE DE MINAS;Falta de Atenção à Condução;Tombamento;Sem Vítimas;Plena Noite;Crescente;Nublado;Simples;Rotatória;Não;159944;Caminhão;I/M.BENZ 415CDISPRINTERF;2017;Passageiro;Ileso;34;Masculino;1;0;0;0;-18,87902134;-49,05700743;SPRF-MG;DEL15-MG;UOP03-DEL15-MG
89967;194024;28/11/2017;terça-feira;21:00:00;MG;365;709;MONTE ALEGRE DE MINAS;Falta de Atenção à Condução;Tombamento;Sem Vítimas;Plena Noite;Crescente;Nublado;Simples;Rotatória;Não;159944;Caminhão;I/M.BENZ 415CDISPRINTERF;2017;Passageiro;Ileso;36;Masculino;1;0;0;0;-18,87902134;-49,05700743;SPRF-MG;DEL15-MG;UOP03-DEL15-MG
89967;194025;28/11/2017;terça-feira;21:00:00;MG;365;709;MONTE ALEGRE DE MINAS;Falta de Atenção à Condução;Tombamento;Sem Vítimas;Plena Noite;Crescente;Nublado;Simples;Rotatória;Não;159944;Caminhão;I/M.BENZ 415CDISPRINTERF;2017;Passageiro;Ileso;34;Feminino;1;0;0;0;-18,87902134;-49,05700743;SPRF-MG;DEL15-MG;UOP03-DEL15-MG
90340;197225;30/11/2017;quinta-feira;14:45:00;MG;365;492;PATROCINIO;Falta de Atenção à Condução;Capotamento;Com Vítimas Feridas;Pleno dia;Crescente;Céu Claro;Simples;Reta;Não;160939;Caminhão-trator;M.BENZ/AXOR 2544 S;2010;Condutor;Lesões Leves;41;Masculino;0;1;0;0;-18,9017;-47,1379;SPRF-MG;DEL10-MG;UOP01-DEL10-MG
90343;197472;30/11/2017;quinta-feira;15:00:00;MG;365;578;UBERLANDIA;Falta de Atenção à Condução;Colisão transversal;Com Vítimas Feridas;Pleno dia;Crescente;Nublado;Simples;Interseção de Vias;Não;163057;Caminhão;VW/24.250 CNC 6X2;2011;Condutor;Ileso;32;Masculino;1;0;0;0;-18,9146078;-48,2753801;SPRF-MG;DEL15-MG;UOP02-DEL15-MG
90981;196222;02/12/2017;sábado;14:30:00;MG;365;618;UBERLANDIA;Falta de Atenção à Condução;Colisão traseira;Com Vítimas Feridas;Pleno dia;Decrescente;Sol;Dupla;Declive;Sim;161791;Caminhão;FORD/F350 G;2006;Passageiro;Ileso;16;Masculino;1;0;0;0;-18,89050946;-48,25644912;SPRF-MG;DEL15-MG;UOP01-DEL15-MG
90981;196225;02/12/2017;sábado;14:30:00;MG;365;618;UBERLANDIA;Falta de Atenção à Condução;Colisão traseira;Com Vítimas Feridas;Pleno dia;Decrescente;Sol;Dupla;Declive;Sim;161791;Caminhão;FORD/F350 G;2006;Condutor;Ileso;49;Masculino;1;0;0;0;-18,89050946;-48,25644912;SPRF-MG;DEL15-MG;UOP01-DEL15-MG