id;pesid;data_inversa;dia_semana;horario;uf;br;km;municipio;causa_acidente;tipo_acidente;classificacao_acidente;fase_dia;sentido_via;condicao_metereologica;tipo_pista;tracado_via;uso_solo;id_veiculo;tipo_veiculo;marca;ano_fabricacao_veiculo;tipo_envolvido;estado_fisico;idade;sexo;ilesos;feridos_leves;feridos_graves;mortos;latitude;longitude;regional;delegacia;uop
28060;0;12/04/2017;quarta-feira;09:00:00;MG;365;623;UBERLANDIA;Falta de Atenção à Condução;Colisão transversal;Com Vítimas Feridas;Pleno dia;Decrescente;Sol;Dupla;Curva;Sim;48606;Semireboque;SR/GUERRA AG GR;2013;NA;NA;0;NA;0;0;0;0;-18,8887;-48,2692;SPRF-MG;DEL15-MG;UOP01-DEL15-MG
28060;0;12/04/2017;quarta-feira;09:00:00;MG;365;623;UBERLANDIA;Falta de Atenção à Condução;Colisão transversal;Com Vítimas Feridas;Pleno dia;Decrescente;Sol;Dupla;Curva;Sim;48612;Semireboque;SR/GUERRA AG GR;2013;NA;NA;0;NA;0;0;0;0;-18,8887;-48,2692;SPRF-MG;DEL15-MG;UOP01-DEL15-MG
28209;0;12/04/2017;quarta-feira;18:00:00;MG;365;693;MONTE ALEGRE DE MINAS;Sinalização da via insuficiente ou inadequada;Colisão transversal;Sem Vítimas;Pleno dia;Crescente;Chuva;Simples;Reta;Sim;51157;Semireboque;SR/MAXFORT FECHADA M0003;2010;NA;NA;0;NA;0;0;0;0;-18,8764;-48,9042;SPRF-MG;DEL15-MG;UOP03-DEL15-MG
30377;0;20/04/2017;quinta-feira;10:00:00;MG;365;502,3;PATROCINIO;Ultrapassagem Indevida;Colisão frontal;Com Vítimas Fatais;Pleno dia;Decrescente;Sol;Simples;Reta;Não;53143;Semireboque;SR/RANDON SR CA;2008;NA;NA;0;NA;0;0;0;0;-18,949506;-47,225105;SPRF-MG;DEL10-MG;UOP01-DEL10-MG
30377;0;20/04/2017;quinta-feira;10:00:00;MG;365;502,3;PATROCINIO;Ultrapassagem Indevida;Colisão frontal;Com Vítimas Fatais;Pleno dia;Decrescente;Sol;Simples;Reta;Não;53151;Semireboque;SR/RANDON SR CA;2008;NA;NA;0;NA;0;0;0;0;-18,949506;-47,225105;SPRF-MG;DEL10-MG;UOP01-DEL10-MG
31717;0;24/04/2017;segunda-feira;16:20:00;MG;365;672;MONTE ALEGRE DE MINAS;Falta de Atenção à Condução;Colisão lateral;Com Vítimas Feridas;Anoitecer;Decrescente;Céu Claro;Dupla;Curva;Não;55098;Semireboque;SR/FACCHINI SRF RT;2016;NA;NA;0;NA;0;0;0;0;-18,8904;-48,6972;SPRF-MG;DEL15-MG;UOP01-DEL15-MG
31717;0;24/04/2017;segunda-feira;16:20:00;MG;365;672;MONTE ALEGRE DE MINAS;Falta de Atenção à Condução;Colisão lateral;Com Vítimas Feridas;Anoitecer;Decrescente;Céu Claro;Dupla;Curva;Não;55093;Semireboque;SR/FACCHINI SRF RT;2016;NA;NA;0;NA;0;0;0;0;-18,8904;-48,6972;SPRF-MG;DEL15-MG;UOP01-DEL15-MG
32474;0;27/04/2017;quinta-feira;16:30:00;MG;365;515,8;MONTE CARMELO;Desobediência às normas de trânsito pelo condutor;Saída de leito carroçável;Com Vítimas Feridas;Pleno dia;Crescente;Céu Claro;Simples;"Aclive;Reta";Não;58915;Semireboque;R/RANDON SR CT;2010;NA;NA;0;NA;0;0;0;0;-18,92858;-47,32794;SPRF-MG;DEL10-MG;UOP01-DEL10-MG
32658;0;28/04/2017;sexta-feira;08:30:00;MG;365;621;UBERLANDIA;Ultrapassagem Indevida;Colisão lateral;Com Vítimas Feridas;Pleno dia;Crescente;Céu Claro;Dupla;"Reta;Desvio Temporário;Em Obras";Sim;56942;Semireboque;R/RANDON SR BA;2014;NA;NA;0;NA;0;0;0;0;-18,9113;-48,2622;SPRF-MG;DEL15-MG;UOP01-DEL15-MG
32783;0;28/04/2017;sexta-feira;17:00:00;MG;365;695;MONTE ALEGRE DE MINAS;Falta de Atenção do Pedestre;Atropelamento de Pedestre;Com Vítimas Fatais;Pleno dia;Crescente;Nublado;Dupla;Reta;Não;58093;Semireboque;SR/RANDON SR CA;2008;NA;NA;0;NA;0;0;0;0;-18,8772;-48,9233;SPRF-MG;DEL15-MG;UOP03-DEL15-MG
32783;0;28/04/2017;sexta-feira;17:00:00;MG;365;695;MONTE ALEGRE DE MINAS;Falta de Atenção do Pedestre;Atropelamento de Pedestre;Com Vítimas Fatais;Pleno dia;Crescente;Nublado;Dupla;Reta;Não;58129;Semireboque;SR/RANDON SR CA;2008;NA;NA;0;NA;0;0;0;0;-18,8772;-48,9233;SPRF-MG;DEL15-MG;UOP03-DEL15-MG
32824;0;28/04/2017;sexta-feira;19:00:00;MG;365;631,8;UBERLANDIA;Fenômenos da Natureza;Saída de leito carroçável;Sem Vítimas;Plena Noite;Decrescente;Chuva;Dupla;"Reta;Declive";Não;57190;Semireboque;SR/LIBRELATO SRAC 3E;2012;NA;NA;0;NA;0;0;0;0;-18,9002522;-48,36489826;SPRF-MG;DEL15-MG;UOP01-DEL15-MG
33090;0;29/04/2017;sábado;15:00:00;MG;365;612,9;UBERLANDIA;Falta de Atenção à Condução;Colisão transversal;Com Vítimas Feridas;Pleno dia;Decrescente;Céu Claro;Simples;Reta;Não;57862;Semireboque;SR/GUERRA AG GR;2006;NA;NA;0;NA;0;0;0;0;-18,92059233;-48,20587546;SPRF-MG;DEL15-MG;UOP01-DEL15-MG
33090;0;29/04/2017;sábado;15:00:00;MG;365;612,9;UBERLANDIA;Falta de Atenção à Condução;Colisão transversal;Com Vítimas Feridas;Pleno dia;Decrescente;Céu Claro;Simples;Reta;Não;57860;Semireboque;SR/GUERRA AG GR;2006;NA;NA;0;NA;0;0;0;0;-18,92059233;-48,20587546;SPRF-MG;DEL15-MG;UOP01-DEL15-MG
33783;0;02/05/2017;terça-feira;07:10:00;MG;365;628;UBERLANDIA;Velocidade Incompatível;Tombamento;Com Vítimas Feridas;Pleno dia;Crescente;Céu Claro;Dupla;Curva;Sim;61888;Semireboque;REB/GUERRA;1983;NA;NA;0;NA;0;0;0;0;-18,90580944;-48,33195806;SPRF-MG;DEL15-MG;UOP01-DEL15-MG
34663;0;05/05/2017;sexta-feira;17:25:00;MG;365;471;PATROCINIO;Falta de Atenção à Condução;Colisão transversal;Com Vítimas Feridas;Anoitecer;Decrescente;Céu Claro;Simples;Interseção de Vias;Não;62388;Semireboque;SR/NOMA SR3E27 BCM;2016;NA;NA;0;NA;0;0;0;0;-18,91946069;-46,98042512;SPRF-MG;DEL10-MG;UOP01-DEL10-MG
34833;0;06/05/2017;sábado;06:30:00;MG;365;475,5;PATROCINIO;Não guardar distância de segurança;Colisão frontal;Sem Vítimas;Pleno dia;Crescente;Nublado;Simples;"Reta;Aclive";Sim;60877;Semireboque;SR/RANDON SR CA;2014;NA;NA;0;NA;0;0;0;0;-18,92403;-46,99694;SPRF-MG;DEL10-MG;UOP01-DEL10-MG
34833;0;06/05/2017;sábado;06:30:00;MG;365;475,5;PATROCINIO;Não guardar distância de segurança;Colisão frontal;Sem Vítimas;Pleno dia;Crescente;Nublado;Simples;"Reta;Aclive";Sim;60873;Reboque;R/RANDON RE DL;2014;NA;NA;0;NA;0;0;0;0;-18,92403;-46,99694;SPRF-MG;DEL10-MG;UOP01-DEL10-MG
34833;0;06/05/2017;sábado;06:30:00;MG;365;475,5;PATROCINIO;Não guardar distância de segurança;Colisão frontal;Sem Vítimas;Pleno dia;Crescente;Nublado;Simples;"Reta;Aclive";Sim;60872;Semireboque;SR/RANDON SR CA;2014;NA;NA;0;NA;0;0;0;0;-18,92403;-46,99694;SPRF-MG;DEL10-MG;UOP01-DEL10-MG
36291;0;11/05/2017;quinta-feira;16:00:00;MG;365;698;MONTE ALEGRE DE MINAS;Falta de Atenção à Condução;Tombamento;Com Vítimas Feridas;Pleno dia;Crescente;Céu Claro;Dupla;Curva;Não;63398;Semireboque;REB/TRUCK GALEGO SR;2010;NA;NA;0;NA;0;0;0;0;-18,8782;-48,9513;SPRF-MG;DEL15-MG;UOP03-DEL15-MG
37035;0;14/05/2017;domingo;02:20:00;MG;365;646;UBERLANDIA;Avarias e/ou desgaste excessivo no pneu;Tombamento;Sem Vítimas;Plena Noite;Decrescente;Céu Claro;Dupla;Curva;Não;65892;Semireboque;SR/GUERRA AG GR;2013;NA;NA;0;NA;0;0;0;0;-18,88532541;-48,46620262;SPRF-MG;DEL15-MG;UOP01-DEL15-MG
37035;0;14/05/2017;domingo;02:20:00;MG;365;646;UBERLANDIA;Avarias e/ou desgaste excessivo no pneu;Tombamento;Sem Vítimas;Plena Noite;Decrescente;Céu Claro;Dupla;Curva;Não;65895;Reboque;SR/GUERRA AG GR;2013;NA;NA;0;NA;0;0;0;0;-18,88532541;-48,46620262;SPRF-MG;DEL15-MG;UOP01-DEL15-MG
37035;0;14/05/2017;domingo;02:20:00;MG;365;646;UBERLANDIA;Avarias e/ou desgaste excessivo no pneu;Tombamento;Sem Vítimas;Plena Noite;Decrescente;Céu Claro;Dupla;Curva;Não;65900;Semireboque;SR/GUERRA AG GR;2013;NA;NA;0;NA;0;0;0;0;-18,88532541;-48,46620262;SPRF-MG;DEL15-MG;UOP01-DEL15-MG
37462;0;15/05/2017;segunda-feira;11:10:00;MG;365;627;UBERLANDIA;Falta de Atenção à Condução;Colisão lateral;Com Vítimas Feridas;Pleno dia;Decrescente;Chuva;Múltipla;Reta;Sim;65400;Semireboque;SR/FACCHINI SRF LO;2005;NA;NA;0;NA;0;0;0;0;-18,90656562;-48,31944555;SPRF-MG;DEL15-MG;UOP01-DEL15-MG
38443;0;19/05/2017;sexta-feira;06:00:00;MG;365;637;UBERLANDIA;Falta de Atenção à Condução;Colisão lateral;Sem Vítimas;Amanhecer;Crescente;Chuva;Dupla;Reta;Não;69090;Semireboque;REB/RANDON SR GR TR;1997;NA;NA;0;NA;0;0;0;0;-18,89032419;-48,4354306;SPRF-MG;DEL15-MG;UOP01-DEL15-MG
38443;0;19/05/2017;sexta-feira;06:00:00;MG;365;637;UBERLANDIA;Falta de Atenção à Condução;Colisão lateral;Sem Vítimas;Amanhecer;Crescente;Chuva;Dupla;Reta;Não;69106;Semireboque;SR/NIJU NJSRFR 3E;2015;NA;NA;0;NA;0;0;0;0;-18,89032419;-48,4354306;SPRF-MG;DEL15-MG;UOP01-DEL15-MG
38530;0;19/05/2017;sexta-feira;09:45:00;MG;365;486;PATROCINIO;Falta de Atenção à Condução;Tombamento;Sem Vítimas;Pleno dia;Decrescente;Céu Claro;Simples;Aclive;Não;69460;Semireboque;SR/BOREAL SRF3E TE;2010;NA;NA;0;NA;0;0;0;0;-18,897331;-47,103538;SPRF-MG;DEL10-MG;UOP01-DEL10-MG
41278;0;28/05/2017;domingo;09:15:00;MG;365;635,4;UBERLANDIA;Falta de Atenção à Condução;Colisão lateral;Sem Vítimas;Pleno dia;Crescente;Céu Claro;Dupla;Reta;Não;71962;Reboque;R/ISIDOC CIF 1502;2017;NA;NA;0;NA;0;0;0;0;-18,90018022;-48,36491846;SPRF-MG;DEL15-MG;UOP01-DEL15-MG
42657;0;02/06/2017;sexta-feira;18:40:00;MG;365;700;MONTE ALEGRE DE MINAS;Defeito na Via;Tombamento;Sem Vítimas;Plena Noite;Crescente;Céu Claro;Dupla;Reta;Não;74507;Semireboque;SR/RANDON SR CA;2000;NA;NA;0;NA;0;0;0;0;-18,8788;-48,9703;SPRF-MG;DEL15-MG;UOP03-DEL15-MG
43766;0;06/06/2017;terça-feira;13:35:00;MG;365;717,6;MONTE ALEGRE DE MINAS;Ultrapassagem Indevida;Derramamento de carga;Sem Vítimas;Pleno dia;Decrescente;Céu Claro;Simples;Reta;Não;77864;Semireboque;SR/GUERRA AG GR;2004;NA;NA;0;NA;0;0;0;0;-18,87915996;-49,08153671;SPRF-MG;DEL15-MG;UOP03-DEL15-MG
43766;0;06/06/2017;terça-feira;13:35:00;MG;365;717,6;MONTE ALEGRE DE MINAS;Ultrapassagem Indevida;Derramamento de carga;Sem Vítimas;Pleno dia;Decrescente;Céu Claro;Simples;Reta;Não;77860;Semireboque;SR/GUERRA AG GR;2004;NA;NA;0;NA;0;0;0;0;-18,87915996;-49,08153671;SPRF-MG;DEL15-MG;UOP03-DEL15-MG
44758;0;10/06/2017;sábado;06:00:00;MG;365;637,1;UBERLANDIA;Falta de Atenção à Condução;Colisão traseira;Sem Vítimas;Amanhecer;Decrescente;Nublado;Dupla;Reta;Não;83667;Semireboque;SR/TRIEL POWER 3E CA;2010;NA;NA;0;NA;0;0;0;0;-18,89787013;-48,38081907;SPRF-MG;DEL15-MG;UOP01-DEL15-MG
46613;0;16/06/2017;sexta-feira;16:10:00;MG;365;752,8;ITUIUTABA;Restrição de Visibilidade;Atropelamento de Pedestre;Com Vítimas Feridas;Pleno dia;Crescente;Céu Claro;Dupla;Retorno Regulamentado;Sim;81699;Semireboque;REB/TECTRAN FBK F3;1994;NA;NA;0;NA;0;0;0;0;-18,91715951;-49,41123388;SPRF-MG;DEL15-MG;UOP03-DEL15-MG
49728;0;27/06/2017;terça-feira;23:45:00;MG;365;634;UBERLANDIA;Falta de Atenção à Condução;Colisão traseira;Com Vítimas Feridas;Plena Noite;Decrescente;Céu Claro;Dupla;Reta;Não;87665;Semireboque;SR/NOMA SR2E18RT2 CG;2005;NA;NA;0;NA;0;0;0;0;-18,8979785;-48,38314801;SPRF-MG;DEL15-MG;UOP01-DEL15-MG
49728;0;27/06/2017;terça-feira;23:45:00;MG;365;634;UBERLANDIA;Falta de Atenção à Condução;Colisão traseira;Com Vítimas Feridas;Plena Noite;Decrescente;Céu Claro;Dupla;Reta;Não;87659;Semireboque;SR/NOMA SR2E18RT1 CG;2005;NA;NA;0;NA;0;0;0;0;-18,8979785;-48,38314801;SPRF-MG;DEL15-MG;UOP01-DEL15-MG
49728;0;27/06/2017;terça-feira;23:45:00;MG;365;634;UBERLANDIA;Falta de Atenção à Condução;Colisão traseira;Com Vítimas Feridas;Plena Noite;Decrescente;Céu Claro;Dupla;Reta;Não;88106;Reboque;Não Informado/Não Informado;0;NA;NA;0;NA;0;0;0;0;-18,8979785;-48,38314801;SPRF-MG;DEL15-MG;UOP01-DEL15-MG
49931;0;28/06/2017;quarta-feira;18:32:00;MG;365;669;MONTE ALEGRE DE MINAS;Defeito Mecânico no Veículo;Derramamento de carga;Sem Vítimas;Plena Noite;Decrescente;Céu Claro;Dupla;Reta;Não;87613;Semireboque;REB/RANDON SR GR TR;1991;NA;NA;0;NA;0;0;0;0;-18,89309096;-48,66303921;SPRF-MG;DEL15-MG;UOP01-DEL15-MG
50887;0;02/07/2017;domingo;03:40:00;MG;365;660,8;MONTE ALEGRE DE MINAS;Condutor Dormindo;Saída de leito carroçável;Sem Vítimas;Plena Noite;Decrescente;Céu Claro;Dupla;Reta;Não;90967;Semireboque;SR/RANDON SR CA;1999;NA;NA;0;NA;0;0;0;0;-18,88233075;-48,60776424;SPRF-MG;DEL15-MG;UOP01-DEL15-MG
51428;0;03/07/2017;segunda-feira;20:25:00;MG;365;708;MONTE ALEGRE DE MINAS;Falta de Atenção à Condução;Colisão traseira;Sem Vítimas;Plena Noite;Crescente;Céu Claro;Dupla;Reta;Não;91991;Semireboque;SR/RANDON SR CA;2004;NA;NA;0;NA;0;0;0;0;-18,880153;-49,00468;SPRF-MG;DEL15-MG;UOP03-DEL15-MG
51428;0;03/07/2017;segunda-feira;20:25:00;MG;365;708;MONTE ALEGRE DE MINAS;Falta de Atenção à Condução;Colisão traseira;Sem Vítimas;Plena Noite;Crescente;Céu Claro;Dupla;Reta;Não;92033;Semireboque;SR/RANDON SR CA;2004;NA;NA;0;NA;0;0;0;0;-18,880153;-49,00468;SPRF-MG;DEL15-MG;UOP03-DEL15-MG
51891;0;05/07/2017;quarta-feira;20:00:00;MG;365;446,1;GUIMARANIA;Falta de Atenção à Condução;Tombamento;Com Vítimas Feridas;Plena Noite;Decrescente;Nublado;Simples;Aclive;Não;93196;Semireboque;SR/RANDON SR CA;1998;NA;NA;0;NA;0;0;0;0;-18,81012814;-46,77027404;SPRF-MG;DEL10-MG;UOP01-DEL10-MG
52007;0;06/07/2017;quinta-feira;08:00:00;MG;365;730;MONTE ALEGRE DE MINAS;Defeito Mecânico no Veículo;Saída de leito carroçável;Sem Vítimas;Pleno dia;Decrescente;Céu Claro;Simples;Curva;Não;91586;Semireboque;SR/GUERRA AG SI;2010;NA;NA;0;NA;0;0;0;0;-18,8813;-49,1986;SPRF-MG;DEL15-MG;UOP03-DEL15-MG
52007;0;06/07/2017;quinta-feira;08:00:00;MG;365;730;MONTE ALEGRE DE MINAS;Defeito Mecânico no Veículo;Saída de leito carroçável;Sem Vítimas;Pleno dia;Decrescente;Céu Claro;Simples;Curva;Não;91583;Semireboque;SR/GUERRA AG SI;2010;NA;NA;0;NA;0;0;0;0;-18,8813;-49,1986;SPRF-MG;DEL15-MG;UOP03-DEL15-MG
52125;0;06/07/2017;quinta-feira;19:00:00;MG;365;513;PATROCINIO;Falta de Atenção à Condução;Colisão lateral;Com Vítimas Feridas;Plena Noite;Crescente;Céu Claro;Simples;Curva;Não;93580;Semireboque;R/GUERRA AG GR;1998;NA;NA;0;NA;0;0;0;0;-18,9399;-47,3054;SPRF-MG;DEL10-MG;UOP01-DEL10-MG
52125;0;06/07/2017;quinta-feira;19:00:00;MG;365;513;PATROCINIO;Falta de Atenção à Condução;Colisão lateral;Com Vítimas Feridas;Plena Noite;Crescente;Céu Claro;Simples;Curva;Não;93573;Semireboque;SR/RANDON;1973;NA;NA;0;NA;0;0;0;0;-18,9399;-47,3054;SPRF-MG;DEL10-MG;UOP01-DEL10-MG
55464;0;19/07/2017;quarta-feira;05:30:00;MG;365;653;MONTE ALEGRE DE MINAS;Restrição de Visibilidade;Saída de leito carroçável;Com Vítimas Feridas;Pleno dia;Crescente;Nevoeiro/Neblina;Dupla;Reta;Não;99415;Semireboque;REB/CONTIN;1997;NA;NA;0;NA;0;0;0;0;-18,86876381;-48,56075346;SPRF-MG;DEL15-MG;UOP01-DEL15-MG
56941;0;25/07/2017;terça-feira;02:20:00;MG;365;749;ITUIUTABA;Falta de Atenção à Condução;Tombamento;Sem Vítimas;Plena Noite;Decrescente;Céu Claro;Simples;Reta;Não;101946;Semireboque;SR/RANDON SR TQ;2008;NA;NA;0;NA;0;0;0;0;-18,9126;-49,3755;SPRF-MG;DEL15-MG;UOP03-DEL15-MG
56941;0;25/07/2017;terça-feira;02:20:00;MG;365;749;ITUIUTABA;Falta de Atenção à Condução;Tombamento;Sem Vítimas;Plena Noite;Decrescente;Céu Claro;Simples;Reta;Não;101947;Semireboque;SR/RANDON SR TQ;2008;NA;NA;0;NA;0;0;0;0;-18,9126;-49,3755;SPRF-MG;DEL15-MG;UOP03-DEL15-MG
57113;0;25/07/2017;terça-feira;21:56:00;MG;365;546;ROMARIA;Ingestão de Álcool;Colisão traseira;Com Vítimas Feridas;Plena Noite;Crescente;Céu Claro;Simples;Reta;Não;101402;Semireboque;SR/RANDON SR CA;2011;NA;NA;0;NA;0;0;0;0;-18,9317;-47,606;SPRF-MG;DEL10-MG;UOP01-DEL10-MG
57113;0;25/07/2017;terça-feira;21:56:00;MG;365;546;ROMARIA;Ingestão de Álcool;Colisão traseira;Com Vítimas Feridas;Plena Noite;Crescente;Céu Claro;Simples;Reta;Não;101432;Semireboque;SR/RANDON SR CA;2009;NA;NA;0;NA;0;0;0;0;-18,9317;-47,606;SPRF-MG;DEL10-MG;UOP01-DEL10-MG
57231;0;26/07/2017;quarta-feira;14:30:00;MG;365;613;UBERLANDIA;Não guardar distância de segurança;Colisão traseira;Com Vítimas Feridas;Pleno dia;Decrescente;Céu Claro;Simples;Reta;Sim;101101;Semireboque;SR/RANDON SR TQ;2003;NA;NA;0;NA;0;0;0;0;-18,9249;-48,1877;SPRF-MG;DEL15-MG;UOP01-DEL15-MG
57231;0;26/07/2017;quarta-feira;14:30:00;MG;365;613;UBERLANDIA;Não guardar distância de segurança;Colisão traseira;Com Vítimas Feridas;Pleno dia;Decrescente;Céu Claro;Simples;Reta;Sim;101103;Semireboque;SR/RANDON SR TQ;2003;NA;NA;0;NA;0;0;0;0;-18,9249;-48,1877;SPRF-MG;DEL15-MG;UOP01-DEL15-MG
57397;0;27/07/2017;quinta-feira;03:40:00;MG;365;432;PATOS DE MINAS;Carga excessiva e/ou mal acondicionada;Tombamento;Sem Vítimas;Plena Noite;Crescente;Céu Claro;Simples;Reta;Não;101498;Semireboque;SR/RANDON;1986;NA;NA;0;NA;0;0;0;0;-18,75902066;-46,66375577;SPRF-MG;DEL10-MG;UOP01-DEL10-MG
58325;0;30/07/2017;domingo;13:50:00;MG;365;613;UBERLANDIA;Não guardar distância de segurança;Colisão traseira;Com Vítimas Feridas;Pleno dia;Crescente;Céu Claro;Simples;Reta;Sim;103112;Semireboque;SR/NOMA SR2E17T1 CL;2004;NA;NA;0;NA;0;0;0;0;-18,9249;-48,1877;SPRF-MG;DEL15-MG;UOP01-DEL15-MG
58325;0;30/07/2017;domingo;13:50:00;MG;365;613;UBERLANDIA;Não guardar distância de segurança;Colisão traseira;Com Vítimas Feridas;Pleno dia;Crescente;Céu Claro;Simples;Reta;Sim;103115;Semireboque;SR/NOMA SR2E17T2 CL;2004;NA;NA;0;NA;0;0;0;0;-18,9249;-48,1877;SPRF-MG;DEL15-MG;UOP01-DEL15-MG
59588;0;03/08/2017;quinta-feira;13:00:00;MG;365;578;INDIANOPOLIS;Objeto estático sobre o leito carroçável;Saída de leito carroçável;Com Vítimas Feridas;Pleno dia;Crescente;Céu Claro;Simples;Declive;Não;105342;Semireboque;SR/RANDON SR CA;2008;NA;NA;0;NA;0;0;0;0;-18,92674767;-47,75756836;SPRF-MG;DEL15-MG;UOP02-DEL15-MG
59588;0;03/08/2017;quinta-feira;13:00:00;MG;365;578;INDIANOPOLIS;Objeto estático sobre o leito carroçável;Saída de leito carroçável;Com Vítimas Feridas;Pleno dia;Crescente;Céu Claro;Simples;Declive;Não;105344;Semireboque;SR/RANDON SR CA;2008;NA;NA;0;NA;0;0;0;0;-18,92674767;-47,75756836;SPRF-MG;DEL15-MG;UOP02-DEL15-MG
59800;0;05/08/2017;sábado;16:20:00;MG;365;620;UBERLANDIA;Pista Escorregadia;Tombamento;Com Vítimas Feridas;Pleno dia;Crescente;Céu Claro;Dupla;Desvio Temporário;Sim;105831;Semireboque;SR/GUERRA AG GR;2004;NA;NA;0;NA;0;0;0;0;-18,88621364;-48,26750365;SPRF-MG;DEL15-MG;UOP01-DEL15-MG
59800;0;05/08/2017;sábado;16:20:00;MG;365;620;UBERLANDIA;Pista Escorregadia;Tombamento;Com Vítimas Feridas;Pleno dia;Crescente;Céu Claro;Dupla;Desvio Temporário;Sim;105832;Semireboque;SR/GUERRA AG GR;2004;NA;NA;0;NA;0;0;0;0;-18,88621364;-48,26750365;SPRF-MG;DEL15-MG;UOP01-DEL15-MG
61697;0;13/08/2017;domingo;03:30:00;MG;365;571;INDIANOPOLIS;Falta de Atenção à Condução;Colisão lateral;Com Vítimas Feridas;Plena Noite;Decrescente;Céu Claro;Simples;Declive;Não;109974;Semireboque;SR/IDEROL;1994;NA;NA;0;NA;0;0;0;0;-18,92414957;-47,78898239;SPRF-MG;DEL15-MG;UOP02-DEL15-MG
64384;0;22/08/2017;terça-feira;22:40:00;MG;365;702;MONTE ALEGRE DE MINAS;Defeito Mecânico no Veículo;Tombamento;Sem Vítimas;Plena Noite;Decrescente;Céu Claro;Dupla;Reta;Não;113894;Semireboque;SR/RANDON SR CA;2006;NA;NA;0;NA;0;0;0;0;-18,8795;-48,9893;SPRF-MG;DEL15-MG;UOP03-DEL15-MG
64384;0;22/08/2017;terça-feira;22:40:00;MG;365;702;MONTE ALEGRE DE MINAS;Defeito Mecânico no Veículo;Tombamento;Sem Vítimas;Plena Noite;Decrescente;Céu Claro;Dupla;Reta;Não;113898;Semireboque;SR/RANDON SR CA;2006;NA;NA;0;NA;0;0;0;0;-18,8795;-48,9893;SPRF-MG;DEL15-MG;UOP03-DEL15-MG
66204;0;30/08/2017;quarta-feira;08:30:00;MG;365;620;UBERLANDIA;Falta de Atenção à Condução;Colisão lateral;Com Vítimas Feridas;Pleno dia;Crescente;Sol;Múltipla;"Declive;Em Obras;Reta";Sim;117587;Semireboque;SR/LIBRELATO BACD 2E;2013;NA;NA;0;NA;0;0;0;0;-18,88987726;-48,27023417;SPRF-MG;DEL15-MG;UOP01-DEL15-MG
66204;0;30/08/2017;quarta-feira;08:30:00;MG;365;620;UBERLANDIA;Falta de Atenção à Condução;Colisão lateral;Com Vítimas Feridas;Pleno dia;Crescente;Sol;Múltipla;"Declive;Em Obras;Reta";Sim;117589;Semireboque;SR/LIBRELATO BACT 2E;2013;NA;NA;0;NA;0;0;0;0;-18,88987726;-48,27023417;SPRF-MG;DEL15-MG;UOP01-DEL15-MG
67890;0;04/09/2017;segunda-feira;04:30:00;MG;365;454,5;PATROCINIO;Falta de Atenção à Condução;Saída de leito carroçável;Sem Vítimas;Amanhecer;Crescente;Céu Claro;Simples;Reta;Não;121137;Semireboque;SR/IBIPORA SR3E FRIG;2013;NA;NA;0;NA;0;0;0;0;-18,83749893;-46,84159648;SPRF-MG;DEL10-MG;UOP01-DEL10-MG
70409;0;15/09/2017;sexta-feira;17:30:00;MG;365;636;UBERLANDIA;Não guardar distância de segurança;Colisão traseira;Com Vítimas Feridas;Pleno dia;Crescente;Céu Claro;Dupla;Reta;Não;124926;Semireboque;SR/RANDON SR FG;2012;NA;NA;0;NA;0;0;0;0;-18,89516171;-48,4009552;SPRF-MG;DEL15-MG;UOP01-DEL15-MG
70947;0;17/09/2017;domingo;06:30:00;MG;365;590;INDIANOPOLIS;Ultrapassagem Indevida;Saída de leito carroçável;Sem Vítimas;Amanhecer;Decrescente;Céu Claro;Simples;"Reta;Aclive";Não;126092;Semireboque;SR/LIBRELATO BACT 2E;2014;NA;NA;0;NA;0;0;0;0;-18,87429051;-48,02778244;SPRF-MG;DEL15-MG;UOP02-DEL15-MG
70947;0;17/09/2017;domingo;06:30:00;MG;365;590;INDIANOPOLIS;Ultrapassagem Indevida;Saída de leito carroçável;Sem Vítimas;Amanhecer;Decrescente;Céu Claro;Simples;"Reta;Aclive";Não;126082;Semireboque;SR/LIBRELATO BACD 2E;2014;NA;NA;0;NA;0;0;0;0;-18,87429051;-48,02778244;SPRF-MG;DEL15-MG;UOP02-DEL15-MG
71096;0;28/08/2017;segunda-feira;15:00:00;MG;365;638,2;UBERLANDIA;Falta de Atenção à Condução;Colisão traseira;Com Vítimas Feridas;Pleno dia;Decrescente;Céu Claro;Dupla;Aclive;Não;126106;Semireboque;SR/PEZZAIOLI SR3E RAM;2016;NA;NA;0;NA;0;0;0;0;-18,891651;-48,424875;SPRF-MG;DEL15-MG;UOP01-DEL15-MG
71187;0;18/09/2017;segunda-feira;09:45:00;MG;365;494;PATROCINIO;Desobediência às normas de trânsito pelo condutor;Colisão lateral;Com Vítimas Feridas;Pleno dia;Decrescente;Céu Claro;Simples;Reta;Não;126416;Semireboque;SR/TRUCK GALEGO BS 3E;2016;NA;NA;0;NA;0;0;0;0;-18,91571542;-47,19848394;SPRF-MG;DEL10-MG;UOP01-DEL10-MG