id;pesid;data_inversa;dia_semana;horario;uf;br;km;municipio;causa_acidente;tipo_acidente;classificacao_acidente;fase_dia;sentido_via;condicao_metereologica;tipo_pista;tracado_via;uso_solo;id_veiculo;tipo_veiculo;marca;ano_fabricacao_veiculo;tipo_envolvido;estado_fisico;idade;sexo;ilesos;feridos_leves;feridos_graves;mortos;latitude;longitude;regional;delegacia;uop
71187;0;18/09/2017;segunda-feira;09:45:00;MG;365;494;PATROCINIO;Desobediência às normas de trânsito pelo condutor;Colisão lateral;Com Vítimas Feridas;Pleno dia;Decrescente;Céu Claro;Simples;Reta;Não;126429;Semireboque;SR/FACCHINI SRF LO;2013;NA;NA;0;NA;0;0;0;0;-18,91571542;-47,19848394;SPRF-MG;DEL10-MG;UOP01-DEL10-MG
71417;0;19/09/2017;terça-feira;10:40:00;MG;365;623;UBERLANDIA;Não guardar distância de segurança;Colisão lateral;Com Vítimas Feridas;Pleno dia;Decrescente;Céu Claro;Dupla;Reta;Sim;126826;Semireboque;SR/RANDON SR FG;2007;NA;NA;0;NA;0;0;0;0;-18,90975776;-48,30814892;SPRF-MG;DEL15-MG;UOP01-DEL15-MG
75355;0;03/10/2017;terça-feira;21:00:00;MG;365;634;UBERLANDIA;Falta de Atenção à Condução;Colisão traseira;Sem Vítimas;Plena Noite;Decrescente;Nublado;Simples;Reta;Não;133674;Semireboque;SR/GUERRA AG GR;2003;NA;NA;0;NA;0;0;0;0;-18,9019;-48,3517;SPRF-MG;DEL15-MG;UOP01-DEL15-MG
75871;0;06/10/2017;sexta-feira;05:30:00;MG;365;440,8;GUIMARANIA;Ingestão de Álcool;Colisão lateral;Sem Vítimas;Amanhecer;Crescente;Céu Claro;Simples;Curva;Não;136476;Semireboque;SR/FACCHINI SRF LOED;2014;NA;NA;0;NA;0;0;0;0;-18,79686;-46,73372;SPRF-MG;DEL10-MG;UOP01-DEL10-MG
77271;0;11/10/2017;quarta-feira;05:20:00;MG;365;635,8;UBERLANDIA;Condutor Dormindo;Tombamento;Sem Vítimas;Amanhecer;Crescente;Céu Claro;Dupla;Reta;Não;137245;Semireboque;SR/RANDON SR CA;2002;NA;NA;0;NA;0;0;0;0;-18,89528352;-48,40050459;SPRF-MG;DEL15-MG;UOP01-DEL15-MG
77271;0;11/10/2017;quarta-feira;05:20:00;MG;365;635,8;UBERLANDIA;Condutor Dormindo;Tombamento;Sem Vítimas;Amanhecer;Crescente;Céu Claro;Dupla;Reta;Não;137247;Semireboque;SR/RANDON SR CA;2002;NA;NA;0;NA;0;0;0;0;-18,89528352;-48,40050459;SPRF-MG;DEL15-MG;UOP01-DEL15-MG
78175;0;14/10/2017;sábado;11:47:00;MG;365;462,6;PATROCINIO;Mal Súbito;Colisão frontal;Com Vítimas Fatais;Pleno dia;Crescente;Céu Claro;Simples;Reta;Não;138940;Semireboque;SR/LIBRELATO BACD 2E;2011;NA;NA;0;NA;0;0;0;0;-18,87433;-46,90822;SPRF-MG;DEL10-MG;UOP01-DEL10-MG
78175;0;14/10/2017;sábado;11:47:00;MG;365;462,6;PATROCINIO;Mal Súbito;Colisão frontal;Com Vítimas Fatais;Pleno dia;Crescente;Céu Claro;Simples;Reta;Não;138945;Semireboque;SR/LIBRELATO BACT 2E;2011;NA;NA;0;NA;0;0;0;0;-18,87433;-46,90822;SPRF-MG;DEL10-MG;UOP01-DEL10-MG
78209;0;14/10/2017;sábado;14:45:00;MG;365;639;UBERLANDIA;Não guardar distância de segurança;Colisão traseira;Sem Vítimas;Pleno dia;Decrescente;Sol;Dupla;Aclive;Não;138975;Semireboque;SR/RANDON SR CA;2013;NA;NA;0;NA;0;0;0;0;-18,8955;-48,3978;SPRF-MG;DEL15-MG;UOP01-DEL15-MG
78209;0;14/10/2017;sábado;14:45:00;MG;365;639;UBERLANDIA;Não guardar distância de segurança;Colisão traseira;Sem Vítimas;Pleno dia;Decrescente;Sol;Dupla;Aclive;Não;138976;Reboque;R/RANDON RE DL;2013;NA;NA;0;NA;0;0;0;0;-18,8955;-48,3978;SPRF-MG;DEL15-MG;UOP01-DEL15-MG
78209;0;14/10/2017;sábado;14:45:00;MG;365;639;UBERLANDIA;Não guardar distância de segurança;Colisão traseira;Sem Vítimas;Pleno dia;Decrescente;Sol;Dupla;Aclive;Não;138977;Semireboque;SR/RANDON SR CA;2013;NA;NA;0;NA;0;0;0;0;-18,8955;-48,3978;SPRF-MG;DEL15-MG;UOP01-DEL15-MG
78424;0;15/10/2017;domingo;10:50:00;MG;365;462;PATROCINIO;Falta de Atenção à Condução;Colisão lateral;Sem Vítimas;Pleno dia;Crescente;Sol;Simples;Reta;Não;139241;Semireboque;SR/GUERRA AG GR;2016;NA;NA;0;NA;0;0;0;0;-18,87265426;-46,90558612;SPRF-MG;DEL10-MG;UOP01-DEL10-MG
78424;0;15/10/2017;domingo;10:50:00;MG;365;462;PATROCINIO;Falta de Atenção à Condução;Colisão lateral;Sem Vítimas;Pleno dia;Crescente;Sol;Simples;Reta;Não;139243;Semireboque;SR/GUERRA AG GR;2016;NA;NA;0;NA;0;0;0;0;-18,87265426;-46,90558612;SPRF-MG;DEL10-MG;UOP01-DEL10-MG
80616;0;13/09/2017;quarta-feira;18:00:00;MG;365;726,2;MONTE ALEGRE DE MINAS;Defeito Mecânico no Veículo;Incêndio;Sem Vítimas;Anoitecer;Decrescente;Céu Claro;Simples;Reta;Não;143059;Semireboque;REB/ANTONINI;1996;NA;NA;0;NA;0;0;0;0;-18,887663;-49,220548;SPRF-MG;DEL15-MG;UOP03-DEL15-MG
80663;0;23/10/2017;segunda-feira;18:40:00;MG;365;627;UBERLANDIA;Falta de Atenção à Condução;Colisão lateral;Com Vítimas Feridas;Anoitecer;Crescente;Céu Claro;Dupla;"Curva;Aclive";Sim;143176;Semireboque;SR/RECRUSUL SRTX;2013;NA;NA;0;NA;0;0;0;0;-18,9064;-48,297;SPRF-MG;DEL15-MG;UOP01-DEL15-MG
81602;0;27/10/2017;sexta-feira;19:29:00;MG;365;565;INDIANOPOLIS;Desobediência às normas de trânsito pelo condutor;Colisão frontal;Com Vítimas Feridas;Plena Noite;Decrescente;Chuva;Simples;Reta;Não;145081;Semireboque;SR/GUERRA AG GR;2006;NA;NA;0;NA;0;0;0;0;-18,9316985;-47,72108496;SPRF-MG;DEL15-MG;UOP02-DEL15-MG
82351;0;30/10/2017;segunda-feira;10:40:00;MG;365;643,1;UBERLANDIA;Falta de Atenção à Condução;Tombamento;Com Vítimas Feridas;Pleno dia;Decrescente;Sol;Dupla;Reta;Não;146537;Semireboque;SR/RODOFORTSA SRPL 3E;2014;NA;NA;0;NA;0;0;0;0;-18,88997463;-48,43718112;SPRF-MG;DEL15-MG;UOP01-DEL15-MG
83270;0;01/10/2017;domingo;05:30:00;MG;365;446;GUIMARANIA;Falta de Atenção à Condução;Tombamento;Com Vítimas Feridas;Amanhecer;Decrescente;Céu Claro;Simples;Declive;Não;147926;Reboque;R/GUERRA AG DL;2013;NA;NA;0;NA;0;0;0;0;-18,8005306;-46,75631046;SPRF-MG;DEL10-MG;UOP01-DEL10-MG
83270;0;01/10/2017;domingo;05:30:00;MG;365;446;GUIMARANIA;Falta de Atenção à Condução;Tombamento;Com Vítimas Feridas;Amanhecer;Decrescente;Céu Claro;Simples;Declive;Não;147927;Semireboque;SR/GUERRA AG GR;2013;NA;NA;0;NA;0;0;0;0;-18,8005306;-46,75631046;SPRF-MG;DEL10-MG;UOP01-DEL10-MG
83270;0;01/10/2017;domingo;05:30:00;MG;365;446;GUIMARANIA;Falta de Atenção à Condução;Tombamento;Com Vítimas Feridas;Amanhecer;Decrescente;Céu Claro;Simples;Declive;Não;147928;Semireboque;SR/GUERRA AG GR;2013;NA;NA;0;NA;0;0;0;0;-18,8005306;-46,75631046;SPRF-MG;DEL10-MG;UOP01-DEL10-MG
84218;0;07/11/2017;terça-feira;06:40:00;MG;365;745,5;ITUIUTABA;Falta de Atenção à Condução;Colisão frontal;Com Vítimas Feridas;Amanhecer;Crescente;Nublado;Simples;Reta;Não;149929;Semireboque;SR/NOMA SR2E18RT1 CG;2008;NA;NA;0;NA;0;0;0;0;-18,9080496;-49,34274708;SPRF-MG;DEL15-MG;UOP03-DEL15-MG
84218;0;07/11/2017;terça-feira;06:40:00;MG;365;745,5;ITUIUTABA;Falta de Atenção à Condução;Colisão frontal;Com Vítimas Feridas;Amanhecer;Crescente;Nublado;Simples;Reta;Não;149930;Semireboque;SR/NOMA SR2E18RT2 CG;2008;NA;NA;0;NA;0;0;0;0;-18,9080496;-49,34274708;SPRF-MG;DEL15-MG;UOP03-DEL15-MG
85847;0;13/11/2017;segunda-feira;12:50:00;MG;365;492;PATROCINIO;Ultrapassagem Indevida;Colisão frontal;Com Vítimas Fatais;Pleno dia;Crescente;Sol;Simples;"Reta;Aclive";Não;153024;Semireboque;SR/RANDON SR CA;2007;NA;NA;0;NA;0;0;0;0;-18,90373375;-47,14301527;SPRF-MG;DEL10-MG;UOP01-DEL10-MG
85847;0;13/11/2017;segunda-feira;12:50:00;MG;365;492;PATROCINIO;Ultrapassagem Indevida;Colisão frontal;Com Vítimas Fatais;Pleno dia;Crescente;Sol;Simples;"Reta;Aclive";Não;153013;Semireboque;SR/RANDON SR CA;2007;NA;NA;0;NA;0;0;0;0;-18,90373375;-47,14301527;SPRF-MG;DEL10-MG;UOP01-DEL10-MG
85847;0;13/11/2017;segunda-feira;12:50:00;MG;365;492;PATROCINIO;Ultrapassagem Indevida;Colisão frontal;Com Vítimas Fatais;Pleno dia;Crescente;Sol;Simples;"Reta;Aclive";Não;153038;Semireboque;SR/NOMA SR2E18RT2 CG;2007;NA;NA;0;NA;0;0;0;0;-18,90373375;-47,14301527;SPRF-MG;DEL10-MG;UOP01-DEL10-MG
85847;0;13/11/2017;segunda-feira;12:50:00;MG;365;492;PATROCINIO;Ultrapassagem Indevida;Colisão frontal;Com Vítimas Fatais;Pleno dia;Crescente;Sol;Simples;"Reta;Aclive";Não;153035;Semireboque;SR/NOMA SR2E18RT1 CG;2007;NA;NA;0;NA;0;0;0;0;-18,90373375;-47,14301527;SPRF-MG;DEL10-MG;UOP01-DEL10-MG
86170;0;14/11/2017;terça-feira;18:00:00;MG;365;610;UBERLANDIA;Velocidade Incompatível;Tombamento;Sem Vítimas;Anoitecer;Crescente;Céu Claro;Simples;Curva;Não;154358;Semireboque;SR/RANDON SR CA;2005;NA;NA;0;NA;0;0;0;0;-18,91287981;-48,17361833;SPRF-MG;DEL15-MG;UOP01-DEL15-MG
86170;0;14/11/2017;terça-feira;18:00:00;MG;365;610;UBERLANDIA;Velocidade Incompatível;Tombamento;Sem Vítimas;Anoitecer;Crescente;Céu Claro;Simples;Curva;Não;154351;Semireboque;SR/RANDON SR CA;2005;NA;NA;0;NA;0;0;0;0;-18,91287981;-48,17361833;SPRF-MG;DEL15-MG;UOP01-DEL15-MG
86321;0;15/11/2017;quarta-feira;12:00:00;MG;365;474,6;PATROCINIO;Falta de Atenção do Pedestre;Atropelamento de Pedestre;Com Vítimas Fatais;Pleno dia;Crescente;Céu Claro;Simples;Reta;Não;153501;Semireboque;SR/RANDON SR CA;2013;NA;NA;0;NA;0;0;0;0;-18,92240394;-46,98912621;SPRF-MG;DEL10-MG;UOP01-DEL10-MG
89858;0;28/11/2017;terça-feira;13:30:00;MG;365;619;UBERLANDIA;Não guardar distância de segurança;Engavetamento;Com Vítimas Feridas;Pleno dia;Crescente;Nublado;Dupla;Reta;Sim;159933;Semireboque;REB/RODOVIARIA SR FD CG;1996;NA;NA;0;NA;0;0;0;0;-18,88934072;-48,25814869;SPRF-MG;DEL15-MG;UOP01-DEL15-MG
89858;0;28/11/2017;terça-feira;13:30:00;MG;365;619;UBERLANDIA;Não guardar distância de segurança;Engavetamento;Com Vítimas Feridas;Pleno dia;Crescente;Nublado;Dupla;Reta;Sim;159936;Semireboque;SR/NOMA SR3E27 CG;2013;NA;NA;0;NA;0;0;0;0;-18,88934072;-48,25814869;SPRF-MG;DEL15-MG;UOP01-DEL15-MG
89967;0;28/11/2017;terça-feira;21:00:00;MG;365;709;MONTE ALEGRE DE MINAS;Falta de Atenção à Condução;Tombamento;Sem Vítimas;Plena Noite;Crescente;Nublado;Simples;Rotatória;Não;159948;Semireboque;SR/NOMA SR3E27 BF;2014;NA;NA;0;NA;0;0;0;0;-18,87902134;-49,05700743;SPRF-MG;DEL15-MG;UOP03-DEL15-MG
90340;0;30/11/2017;quinta-feira;14:45:00;MG;365;492;PATROCINIO;Falta de Atenção à Condução;Capotamento;Com Vítimas Feridas;Pleno dia;Crescente;Céu Claro;Simples;Reta;Não;162812;Semireboque;SR/GUERRA AG GR;2009;NA;NA;0;NA;0;0;0;0;-18,9017;-47,1379;SPRF-MG;DEL10-MG;UOP01-DEL10-MG
90981;0;02/12/2017;sábado;14:30:00;MG;365;618;UBERLANDIA;Falta de Atenção à Condução;Colisão traseira;Com Vítimas Feridas;Pleno dia;Decrescente;Sol;Dupla;Declive;Sim;161966;Reboque;R/RIVEL TAIGUARA;2015;NA;NA;0;NA;0;0;0;0;-18,89050946;-48,25644912;SPRF-MG;DEL15-MG;UOP01-DEL15-MG
91799;0;05/12/2017;terça-feira;09:30:00;MG;365;691;MONTE ALEGRE DE MINAS;Sinalização da via insuficiente ou inadequada;Tombamento;Sem Vítimas;Pleno dia;Crescente;Nublado;Simples;Em Obras;Não;165258;Semireboque;SR/RANDON SR FG;2002;NA;NA;0;NA;0;0;0;0;-18,8763;-48,8955;SPRF-MG;DEL15-MG;UOP03-DEL15-MG
93408;0;10/12/2017;domingo;21:50:00;MG;365;621;UBERLANDIA;Defeito Mecânico no Veículo;Colisão traseira;Com Vítimas Feridas;Plena Noite;Decrescente;Céu Claro;Dupla;Curva;Sim;167514;Semireboque;SR/LIBRELATO SRCD 2E;2013;NA;NA;0;NA;0;0;0;0;-18,89374602;-48,27165985;SPRF-MG;DEL15-MG;UOP01-DEL15-MG
93408;0;10/12/2017;domingo;21:50:00;MG;365;621;UBERLANDIA;Defeito Mecânico no Veículo;Colisão traseira;Com Vítimas Feridas;Plena Noite;Decrescente;Céu Claro;Dupla;Curva;Sim;167520;Semireboque;SR/LIBRELATO SRCT 2E;2013;NA;NA;0;NA;0;0;0;0;-18,89374602;-48,27165985;SPRF-MG;DEL15-MG;UOP01-DEL15-MG
93727;0;12/12/2017;terça-feira;05:10:00;MG;365;471;PATROCINIO;Sinalização da via insuficiente ou inadequada;Tombamento;Sem Vítimas;Amanhecer;Crescente;Garoa/Chuvisco;Simples;"Rotatória;Em Obras;Reta";Não;167064;Semireboque;SR/NOMA SR2E18RT2 CG;2009;NA;NA;0;NA;0;0;0;0;-18,92003412;-46,98139608;SPRF-MG;DEL10-MG;UOP01-DEL10-MG
93727;0;12/12/2017;terça-feira;05:10:00;MG;365;471;PATROCINIO;Sinalização da via insuficiente ou inadequada;Tombamento;Sem Vítimas;Amanhecer;Crescente;Garoa/Chuvisco;Simples;"Rotatória;Em Obras;Reta";Não;167061;Semireboque;SR/NOMA SR2E18RT1 CG;2009;NA;NA;0;NA;0;0;0;0;-18,92003412;-46,98139608;SPRF-MG;DEL10-MG;UOP01-DEL10-MG
95190;0;17/12/2017;domingo;05:05:00;MG;365;462;PATROCINIO;Condutor Dormindo;Colisão frontal;Com Vítimas Fatais;Amanhecer;Decrescente;Nublado;Simples;Reta;Não;171322;Semireboque;SR/FACCHINI SRF CF;2016;NA;NA;0;NA;0;0;0;0;-18,9436;-46,9923;SPRF-MG;DEL10-MG;UOP01-DEL10-MG
96059;0;20/12/2017;quarta-feira;00:30:00;MG;365;554;ROMARIA;Falta de Atenção à Condução;Capotamento;Com Vítimas Feridas;Plena Noite;Crescente;Nublado;Dupla;Reta;Não;173798;Semireboque;SR/FACCHINI SRF CAED;2012;NA;NA;0;NA;0;0;0;0;-18,882961;-47,58595;SPRF-MG;DEL10-MG;UOP01-DEL10-MG
96683;0;22/12/2017;sexta-feira;00:40:00;MG;365;638;UBERLANDIA;Condutor Dormindo;Colisão traseira;Sem Vítimas;Plena Noite;Decrescente;Chuva;Dupla;Reta;Não;174154;Semireboque;SR/GUERRA AG GR;2005;NA;NA;0;NA;0;0;0;0;-18,8954;-48,399;SPRF-MG;DEL15-MG;UOP01-DEL15-MG
96683;0;22/12/2017;sexta-feira;00:40:00;MG;365;638;UBERLANDIA;Condutor Dormindo;Colisão traseira;Sem Vítimas;Plena Noite;Decrescente;Chuva;Dupla;Reta;Não;174173;Semireboque;SR/GUERRA AG GR;2005;NA;NA;0;NA;0;0;0;0;-18,8954;-48,399;SPRF-MG;DEL15-MG;UOP01-DEL15-MG
98213;0;25/12/2017;segunda-feira;22:50:00;MG;365;428;PATOS DE MINAS;Falta de Atenção à Condução;Colisão lateral;Sem Vítimas;Plena Noite;Crescente;Céu Claro;Simples;Ponte;Não;177894;Reboque;R/JARDINOX TQ AP 2E;2013;NA;NA;0;NA;0;0;0;0;-18,579351;-46,51844;SPRF-MG;DEL10-MG;UOP01-DEL10-MG
100025;0;01/12/2017;sexta-feira;04:45:00;MG;365;612,3;UBERLANDIA;Falta de Atenção à Condução;Queda de ocupante de veículo;Com Vítimas Feridas;Plena Noite;Decrescente;Garoa/Chuvisco;Simples;Reta;Sim;177693;Semireboque;REB/RANDON SR GR TR;1995;NA;NA;0;NA;0;0;0;0;-18,92341884;-48,20124865;SPRF-MG;DEL15-MG;UOP01-DEL15-MG
131727;0;07/01/2017;sábado;04:15:00;MG;365;612;UBERLANDIA;Falta de Atenção à Condução;Colisão lateral;Com Vítimas Feridas;Plena Noite;Crescente;Nublado;Simples;Reta;Sim;232872;Semireboque;REB/FNV - FRUEHAUF;1982;NA;NA;0;NA;0;0;0;0;-18,91829624;-48,20966005;SPRF-MG;DEL15-MG;UOP02-DEL15-MG
49728;0;27/06/2017;terça-feira;23:45:00;MG;365;634;UBERLANDIA;Falta de Atenção à Condução;Colisão traseira;Com Vítimas Feridas;Plena Noite;Decrescente;Céu Claro;Dupla;Reta;Não;88107;Caminhão-trator;Não Informado/Não Informado;0;NA;NA;0;NA;0;0;0;0;-18,8979785;-48,38314801;SPRF-MG;DEL15-MG;UOP01-DEL15-MG
104;520;01/01/2017;domingo;08:35:00;MG;365;619;UBERLANDIA;Falta de Atenção à Condução;Colisão com objeto estático;Com Vítimas Feridas;Pleno dia;Decrescente;Céu Claro;Simples;Reta;Sim;423;Automóvel;FIAT/UNO MILLE ECONOMY;2009;Condutor;Lesões Leves;23;Masculino;0;1;0;0;-18,88613615;-48,26730966;SPRF-MG;DEL15-MG;UOP01-DEL15-MG
104;3281;01/01/2017;domingo;08:35:00;MG;365;619;UBERLANDIA;Falta de Atenção à Condução;Colisão com objeto estático;Com Vítimas Feridas;Pleno dia;Decrescente;Céu Claro;Simples;Reta;Sim;0;NA;NA/NA;0;Testemunha;Não Informado;0;Não Informado;0;0;0;0;-18,88613615;-48,26730966;SPRF-MG;DEL15-MG;UOP01-DEL15-MG
359;731;01/01/2017;domingo;23:30:00;MG;365;628,9;UBERLANDIA;Defeito Mecânico no Veículo;Incêndio;Sem Vítimas;Plena Noite;Crescente;Céu Claro;Dupla;Curva;Sim;635;Camioneta;FORD/ECOSPORT XLS 1.6L;2004;Condutor;Ileso;37;Masculino;1;0;0;0;-18,90672565;-48,33441496;SPRF-MG;DEL15-MG;UOP01-DEL15-MG
359;735;01/01/2017;domingo;23:30:00;MG;365;628,9;UBERLANDIA;Defeito Mecânico no Veículo;Incêndio;Sem Vítimas;Plena Noite;Crescente;Céu Claro;Dupla;Curva;Sim;635;Camioneta;FORD/ECOSPORT XLS 1.6L;2004;Passageiro;Não Informado;0;Não Informado;0;0;0;0;-18,90672565;-48,33441496;SPRF-MG;DEL15-MG;UOP01-DEL15-MG
359;732;01/01/2017;domingo;23:30:00;MG;365;628,9;UBERLANDIA;Defeito Mecânico no Veículo;Incêndio;Sem Vítimas;Plena Noite;Crescente;Céu Claro;Dupla;Curva;Sim;635;Camioneta;FORD/ECOSPORT XLS 1.6L;2004;Passageiro;Não Informado;0;Não Informado;0;0;0;0;-18,90672565;-48,33441496;SPRF-MG;DEL15-MG;UOP01-DEL15-MG
359;733;01/01/2017;domingo;23:30:00;MG;365;628,9;UBERLANDIA;Defeito Mecânico no Veículo;Incêndio;Sem Vítimas;Plena Noite;Crescente;Céu Claro;Dupla;Curva;Sim;635;Camioneta;FORD/ECOSPORT XLS 1.6L;2004;Passageiro;Não Informado;0;Não Informado;0;0;0;0;-18,90672565;-48,33441496;SPRF-MG;DEL15-MG;UOP01-DEL15-MG
442;870;02/01/2017;segunda-feira;11:20:00;MG;365;629;UBERLANDIA;Não guardar distância de segurança;Engavetamento;Sem Vítimas;Pleno dia;Decrescente;Céu Claro;Dupla;Reta;Sim;767;Automóvel;CHEVROLET/ONIX 1.0MT LT;2014;Condutor;Ileso;58;Feminino;1;0;0;0;-18,90687654;-48,28714371;SPRF-MG;DEL15-MG;UOP01-DEL15-MG
442;871;02/01/2017;segunda-feira;11:20:00;MG;365;629;UBERLANDIA;Não guardar distância de segurança;Engavetamento;Sem Vítimas;Pleno dia;Decrescente;Céu Claro;Dupla;Reta;Sim;768;Automóvel;FIAT/UNO MILLE FIRE;2003;Condutor;Ileso;50;Feminino;1;0;0;0;-18,90687654;-48,28714371;SPRF-MG;DEL15-MG;UOP01-DEL15-MG
442;872;02/01/2017;segunda-feira;11:20:00;MG;365;629;UBERLANDIA;Não guardar distância de segurança;Engavetamento;Sem Vítimas;Pleno dia;Decrescente;Céu Claro;Dupla;Reta;Sim;769;Automóvel;GM/MONZA SL;1988;Condutor;Ileso;29;Masculino;1;0;0;0;-18,90687654;-48,28714371;SPRF-MG;DEL15-MG;UOP01-DEL15-MG
500;986;02/01/2017;segunda-feira;15:25:00;MG;365;448,3;GUIMARANIA;Falta de Atenção à Condução;Colisão transversal;Com Vítimas Feridas;Pleno dia;Crescente;Sol;Simples;Reta;Não;638;Automóvel;FIAT/UNO S 1.5;1992;Condutor;Ileso;42;Masculino;1;0;0;0;-18,82204587;-46,7873568;SPRF-MG;DEL10-MG;UOP01-DEL10-MG
500;2614;02/01/2017;segunda-feira;15:25:00;MG;365;448,3;GUIMARANIA;Falta de Atenção à Condução;Colisão transversal;Com Vítimas Feridas;Pleno dia;Crescente;Sol;Simples;Reta;Não;836;Bicicleta;Não Informado/Não Informado;0;Condutor;Lesões Leves;0;Masculino;0;1;0;0;-18,82204587;-46,7873568;SPRF-MG;DEL10-MG;UOP01-DEL10-MG
578;815;02/01/2017;segunda-feira;15:00:00;MG;365;583,4;INDIANOPOLIS;Falta de Atenção à Condução;Colisão transversal;Sem Vítimas;Pleno dia;Crescente;Chuva;Simples;Reta;Não;711;Automóvel;GM/ASTRA SEDAN ADVANTAGE;2006;Condutor;Ileso;41;Masculino;1;0;0;0;-18,87729555;-47,9456234;SPRF-MG;DEL15-MG;UOP02-DEL15-MG
622;1059;02/01/2017;segunda-feira;21:15:00;MG;365;524,7;MONTE CARMELO;Ingestão de Álcool;Colisão frontal;Com Vítimas Feridas;Plena Noite;Crescente;Céu Claro;Simples;Reta;Não;899;Automóvel;GM/CELTA 2P LIFE;2010;Condutor;Lesões Leves;57;Masculino;0;1;0;0;-18,91653262;-47,40847886;SPRF-MG;DEL10-MG;UOP01-DEL10-MG
622;1633;02/01/2017;segunda-feira;21:15:00;MG;365;524,7;MONTE CARMELO;Ingestão de Álcool;Colisão frontal;Com Vítimas Feridas;Plena Noite;Crescente;Céu Claro;Simples;Reta;Não;900;Automóvel;VW/FOX 1.6 ROUTE;2007;Passageiro;Ileso;13;Masculino;1;0;0;0;-18,91653262;-47,40847886;SPRF-MG;DEL10-MG;UOP01-DEL10-MG
622;1620;02/01/2017;segunda-feira;21:15:00;MG;365;524,7;MONTE CARMELO;Ingestão de Álcool;Colisão frontal;Com Vítimas Feridas;Plena Noite;Crescente;Céu Claro;Simples;Reta;Não;900;Automóvel;VW/FOX 1.6 ROUTE;2007;Condutor;Ileso;45;Masculino;1;0;0;0;-18,91653262;-47,40847886;SPRF-MG;DEL10-MG;UOP01-DEL10-MG
622;1632;02/01/2017;segunda-feira;21:15:00;MG;365;524,7;MONTE CARMELO;Ingestão de Álcool;Colisão frontal;Com Vítimas Feridas;Plena Noite;Crescente;Céu Claro;Simples;Reta;Não;900;Automóvel;VW/FOX 1.6 ROUTE;2007;Passageiro;Ileso;1;Masculino;1;0;0;0;-18,91653262;-47,40847886;SPRF-MG;DEL10-MG;UOP01-DEL10-MG
622;1630;02/01/2017;segunda-feira;21:15:00;MG;365;524,7;MONTE CARMELO;Ingestão de Álcool;Colisão frontal;Com Vítimas Feridas;Plena Noite;Crescente;Céu Claro;Simples;Reta;Não;900;Automóvel;VW/FOX 1.6 ROUTE;2007;Passageiro;Lesões Leves;12;Feminino;0;1;0;0;-18,91653262;-47,40847886;SPRF-MG;DEL10-MG;UOP01-DEL10-MG
622;1627;02/01/2017;segunda-feira;21:15:00;MG;365;524,7;MONTE CARMELO;Ingestão de Álcool;Colisão frontal;Com Vítimas Feridas;Plena Noite;Crescente;Céu Claro;Simples;Reta;Não;900;Automóvel;VW/FOX 1.6 ROUTE;2007;Passageiro;Lesões Leves;33;Feminino;0;1;0;0;-18,91653262;-47,40847886;SPRF-MG;DEL10-MG;UOP01-DEL10-MG
933;2062;04/01/2017;quarta-feira;08:30:00;MG;365;713;MONTE ALEGRE DE MINAS;Falta de Atenção à Condução;Saída de leito carroçável;Sem Vítimas;Pleno dia;Decrescente;Chuva;Simples;"Aclive;Reta";Não;1735;Automóvel;I/BMW M5 FV91;2012;Condutor;Ileso;39;Feminino;1;0;0;0;-18,8732023;-49,05593605;SPRF-MG;DEL15-MG;UOP03-DEL15-MG
1067;3492;04/01/2017;quarta-feira;17:40:00;MG;365;614,5;UBERLANDIA;Falta de Atenção à Condução;Colisão lateral;Com Vítimas Feridas;Pleno dia;Crescente;Céu Claro;Simples;Reta;Não;2708;Automóvel;Não Informado/Não Informado;0;Condutor;Não Informado;0;Não Informado;0;0;0;0;-18,9476067;-48,2396511;SPRF-MG;DEL15-MG;UOP02-DEL15-MG
1067;3463;04/01/2017;quarta-feira;17:40:00;MG;365;614,5;UBERLANDIA;Falta de Atenção à Condução;Colisão lateral;Com Vítimas Feridas;Pleno dia;Crescente;Céu Claro;Simples;Reta;Não;2707;Motocicleta;HONDA/CG 125 FAN;2007;Passageiro;Lesões Leves;22;Masculino;0;1;0;0;-18,9476067;-48,2396511;SPRF-MG;DEL15-MG;UOP02-DEL15-MG
1067;3455;04/01/2017;quarta-feira;17:40:00;MG;365;614,5;UBERLANDIA;Falta de Atenção à Condução;Colisão lateral;Com Vítimas Feridas;Pleno dia;Crescente;Céu Claro;Simples;Reta;Não;2707;Motocicleta;HONDA/CG 125 FAN;2007;Condutor;Lesões Graves;20;Masculino;0;0;1;0;-18,9476067;-48,2396511;SPRF-MG;DEL15-MG;UOP02-DEL15-MG