id;pesid;data_inversa;dia_semana;horario;uf;br;km;municipio;causa_acidente;tipo_acidente;classificacao_acidente;fase_dia;sentido_via;condicao_metereologica;tipo_pista;tracado_via;uso_solo;id_veiculo;tipo_veiculo;marca;ano_fabricacao_veiculo;tipo_envolvido;estado_fisico;idade;sexo;ilesos;feridos_leves;feridos_graves;mortos;latitude;longitude;regional;delegacia;uop
42830;91260;03/06/2017;sábado;09:05:00;MG;365;646;UBERLANDIA;Falta de Atenção à Condução;Saída de leito carroçável;Sem Vítimas;Pleno dia;Decrescente;Céu Claro;Dupla;Reta;Não;74778;Automóvel;FIAT/SIENA ESSENCE 1.6;2016;Passageiro;Ileso;10;Masculino;1;0;0;0;-18,88387377;-48,47408295;SPRF-MG;DEL15-MG;UOP01-DEL15-MG
42830;91257;03/06/2017;sábado;09:05:00;MG;365;646;UBERLANDIA;Falta de Atenção à Condução;Saída de leito carroçável;Sem Vítimas;Pleno dia;Decrescente;Céu Claro;Dupla;Reta;Não;74778;Automóvel;FIAT/SIENA ESSENCE 1.6;2016;Passageiro;Ileso;43;Feminino;1;0;0;0;-18,88387377;-48,47408295;SPRF-MG;DEL15-MG;UOP01-DEL15-MG
43228;92102;04/06/2017;domingo;17:45:00;MG;365;644;UBERLANDIA;Defeito na Via;Colisão lateral;Com Vítimas Feridas;Anoitecer;Decrescente;Nublado;Dupla;Reta;Não;75427;Automóvel;FIAT/MOBI LIKE;2016;Condutor;Lesões Graves;30;Feminino;0;0;1;0;-18,8885;-48,4454;SPRF-MG;DEL15-MG;UOP01-DEL15-MG
43228;92103;04/06/2017;domingo;17:45:00;MG;365;644;UBERLANDIA;Defeito na Via;Colisão lateral;Com Vítimas Feridas;Anoitecer;Decrescente;Nublado;Dupla;Reta;Não;75427;Automóvel;FIAT/MOBI LIKE;2016;Passageiro;Lesões Graves;38;Feminino;0;0;1;0;-18,8885;-48,4454;SPRF-MG;DEL15-MG;UOP01-DEL15-MG
43228;92107;04/06/2017;domingo;17:45:00;MG;365;644;UBERLANDIA;Defeito na Via;Colisão lateral;Com Vítimas Feridas;Anoitecer;Decrescente;Nublado;Dupla;Reta;Não;75428;Automóvel;FIAT/SIENA FIRE;2004;Condutor;Ileso;35;Feminino;1;0;0;0;-18,8885;-48,4454;SPRF-MG;DEL15-MG;UOP01-DEL15-MG
43328;92333;04/06/2017;domingo;22:00:00;MG;365;726;MONTE ALEGRE DE MINAS;Animais na Pista;Saída de leito carroçável;Com Vítimas Feridas;Pleno dia;Crescente;Céu Claro;Simples;Reta;Não;75684;Automóvel;VW/FOX 1.6 GII;2011;Condutor;Lesões Leves;54;Masculino;0;1;0;0;-18,8803;-49,1607;SPRF-MG;DEL15-MG;UOP03-DEL15-MG
44036;94046;07/06/2017;quarta-feira;15:30:00;MG;365;421;PATOS DE MINAS;Defeito Mecânico no Veículo;Tombamento;Com Vítimas Feridas;Pleno dia;Crescente;Céu Claro;Dupla;Reta;Não;77031;Motocicleta;HONDA/CG 125 TITAN KS;2003;Passageiro;Lesões Leves;18;Feminino;0;1;0;0;-18,6822;-46,5683;SPRF-MG;DEL10-MG;UOP01-DEL10-MG
44036;94044;07/06/2017;quarta-feira;15:30:00;MG;365;421;PATOS DE MINAS;Defeito Mecânico no Veículo;Tombamento;Com Vítimas Feridas;Pleno dia;Crescente;Céu Claro;Dupla;Reta;Não;77031;Motocicleta;HONDA/CG 125 TITAN KS;2003;Condutor;Lesões Leves;20;Feminino;0;1;0;0;-18,6822;-46,5683;SPRF-MG;DEL10-MG;UOP01-DEL10-MG
44612;97413;09/06/2017;sexta-feira;10:30:00;MG;365;623,5;UBERLANDIA;Falta de Atenção à Condução;Colisão transversal;Com Vítimas Feridas;Pleno dia;Crescente;Céu Claro;Dupla;"Em Obras;Desvio Temporário";Não;77946;Camioneta;RENAULT/DUSTER 20 D 4X2A;2015;Condutor;Lesões Leves;52;Feminino;0;1;0;0;-18,89541562;-48,27111875;SPRF-MG;DEL15-MG;UOP01-DEL15-MG
44692;97578;09/06/2017;sexta-feira;22:30:00;MG;365;620;UBERLANDIA;Falta de Atenção à Condução;Colisão traseira;Com Vítimas Feridas;Plena Noite;Decrescente;Céu Claro;Dupla;Reta;Sim;80164;Motoneta;HONDA/BIZ 125 ES;2006;Condutor;Lesões Graves;29;Masculino;0;0;1;0;-18,9113;-48,2622;SPRF-MG;DEL15-MG;UOP01-DEL15-MG
44692;97687;09/06/2017;sexta-feira;22:30:00;MG;365;620;UBERLANDIA;Falta de Atenção à Condução;Colisão traseira;Com Vítimas Feridas;Plena Noite;Decrescente;Céu Claro;Dupla;Reta;Sim;80242;Automóvel;Não Informado/Não Informado;0;Condutor;Não Informado;0;Não Informado;0;0;0;0;-18,9113;-48,2622;SPRF-MG;DEL15-MG;UOP01-DEL15-MG
44758;101994;10/06/2017;sábado;06:00:00;MG;365;637,1;UBERLANDIA;Falta de Atenção à Condução;Colisão traseira;Sem Vítimas;Amanhecer;Decrescente;Nublado;Dupla;Reta;Não;78295;Automóvel;I/FORD FUSION;2010;Condutor;Não Informado;0;Não Informado;0;0;0;0;-18,89787013;-48,38081907;SPRF-MG;DEL15-MG;UOP01-DEL15-MG
45782;97515;13/06/2017;terça-feira;15:20:00;MG;365;476,9;PATROCINIO;Restrição de Visibilidade;Colisão traseira;Com Vítimas Feridas;Pleno dia;Decrescente;Céu Claro;Simples;Em Obras;Sim;80128;Automóvel;VW/NOVO FOX PEPPER MD;2016;Condutor;Ileso;47;Masculino;1;0;0;0;-18,92663934;-47,01076614;SPRF-MG;DEL10-MG;UOP01-DEL10-MG
45782;97516;13/06/2017;terça-feira;15:20:00;MG;365;476,9;PATROCINIO;Restrição de Visibilidade;Colisão traseira;Com Vítimas Feridas;Pleno dia;Decrescente;Céu Claro;Simples;Em Obras;Sim;80128;Automóvel;VW/NOVO FOX PEPPER MD;2016;Passageiro;Ileso;16;Feminino;1;0;0;0;-18,92663934;-47,01076614;SPRF-MG;DEL10-MG;UOP01-DEL10-MG
45782;97519;13/06/2017;terça-feira;15:20:00;MG;365;476,9;PATROCINIO;Restrição de Visibilidade;Colisão traseira;Com Vítimas Feridas;Pleno dia;Decrescente;Céu Claro;Simples;Em Obras;Sim;80128;Automóvel;VW/NOVO FOX PEPPER MD;2016;Passageiro;Ileso;39;Feminino;1;0;0;0;-18,92663934;-47,01076614;SPRF-MG;DEL10-MG;UOP01-DEL10-MG
45782;97520;13/06/2017;terça-feira;15:20:00;MG;365;476,9;PATROCINIO;Restrição de Visibilidade;Colisão traseira;Com Vítimas Feridas;Pleno dia;Decrescente;Céu Claro;Simples;Em Obras;Sim;80128;Automóvel;VW/NOVO FOX PEPPER MD;2016;Passageiro;Lesões Leves;16;Feminino;0;1;0;0;-18,92663934;-47,01076614;SPRF-MG;DEL10-MG;UOP01-DEL10-MG
45782;97518;13/06/2017;terça-feira;15:20:00;MG;365;476,9;PATROCINIO;Restrição de Visibilidade;Colisão traseira;Com Vítimas Feridas;Pleno dia;Decrescente;Céu Claro;Simples;Em Obras;Sim;80128;Automóvel;VW/NOVO FOX PEPPER MD;2016;Passageiro;Lesões Leves;12;Feminino;0;1;0;0;-18,92663934;-47,01076614;SPRF-MG;DEL10-MG;UOP01-DEL10-MG
46168;100348;14/06/2017;quarta-feira;20:00:00;MG;365;612,5;UBERLANDIA;Mal Súbito;Colisão traseira;Com Vítimas Feridas;Plena Noite;Crescente;Céu Claro;Simples;Reta;Sim;82365;Bicicleta;Não Informado/Não Informado;0;Condutor;Lesões Graves;19;Masculino;0;0;1;0;-18,92230245;-48,20297599;SPRF-MG;DEL15-MG;UOP01-DEL15-MG
46168;100309;14/06/2017;quarta-feira;20:00:00;MG;365;612,5;UBERLANDIA;Mal Súbito;Colisão traseira;Com Vítimas Feridas;Plena Noite;Crescente;Céu Claro;Simples;Reta;Sim;82361;Motocicleta;HONDA/CG 150 TITAN KS;2008;Condutor;Lesões Graves;49;Masculino;0;0;1;0;-18,92230245;-48,20297599;SPRF-MG;DEL15-MG;UOP01-DEL15-MG
46349;98787;15/06/2017;quinta-feira;14:25:00;MG;365;665;MONTE ALEGRE DE MINAS;Falta de Atenção à Condução;Queda de ocupante de veículo;Com Vítimas Feridas;Pleno dia;Decrescente;Céu Claro;Dupla;Curva;Não;81114;Motocicleta;YAMAHA/FACTOR YBR125 E;2010;Condutor;Lesões Leves;25;Masculino;0;1;0;0;-18,89313156;-48,64694595;SPRF-MG;DEL15-MG;UOP01-DEL15-MG
46613;99472;16/06/2017;sexta-feira;16:10:00;MG;365;752,8;ITUIUTABA;Restrição de Visibilidade;Atropelamento de Pedestre;Com Vítimas Feridas;Pleno dia;Crescente;Céu Claro;Dupla;Retorno Regulamentado;Sim;0;NA;NA/NA;0;Pedestre;Lesões Graves;75;Masculino;0;0;1;0;-18,91715951;-49,41123388;SPRF-MG;DEL15-MG;UOP03-DEL15-MG
46740;99665;17/06/2017;sábado;03:45:00;MG;365;628;UBERLANDIA;Velocidade Incompatível;Colisão com objeto estático;Sem Vítimas;Plena Noite;Crescente;Céu Claro;Dupla;Curva;Não;81816;Caminhonete;VW/NOVA SAVEIRO TL MBVD;2016;Condutor;Não Informado;0;Não Informado;0;0;0;0;-18,92244454;-48,30755666;SPRF-MG;DEL15-MG;UOP01-DEL15-MG
47334;101236;19/06/2017;segunda-feira;03:00:00;MG;365;684,5;MONTE ALEGRE DE MINAS;Animais na Pista;Capotamento;Com Vítimas Feridas;Plena Noite;Crescente;Céu Claro;Dupla;Reta;Não;82857;Automóvel;GM/CLASSIC LIFE;2005;Condutor;Lesões Leves;40;Feminino;0;1;0;0;-18,85589239;-48,85581315;SPRF-MG;DEL15-MG;UOP01-DEL15-MG
47365;101143;19/06/2017;segunda-feira;07:30:00;MG;365;420,7;PATOS DE MINAS;Ultrapassagem Indevida;Capotamento;Sem Vítimas;Pleno dia;Crescente;Céu Claro;Simples;Aclive;Não;82964;Automóvel;GM/CORSA HATCH JOY;2005;Condutor;Ileso;58;Masculino;1;0;0;0;-18,69237076;-46,58949584;SPRF-MG;DEL10-MG;UOP01-DEL10-MG
48134;105461;22/06/2017;quinta-feira;14:25:00;MG;365;626;UBERLANDIA;Defeito na Via;Colisão com objeto em movimento;Com Vítimas Feridas;Pleno dia;Decrescente;Céu Claro;Dupla;Reta;Sim;84517;Automóvel;FIAT/UNO MILLE;1991;Passageiro;Ileso;75;Masculino;1;0;0;0;-18,9049;-48,2878;SPRF-MG;DEL15-MG;UOP01-DEL15-MG
48134;105458;22/06/2017;quinta-feira;14:25:00;MG;365;626;UBERLANDIA;Defeito na Via;Colisão com objeto em movimento;Com Vítimas Feridas;Pleno dia;Decrescente;Céu Claro;Dupla;Reta;Sim;84517;Automóvel;FIAT/UNO MILLE;1991;Condutor;Lesões Leves;57;Masculino;0;1;0;0;-18,9049;-48,2878;SPRF-MG;DEL15-MG;UOP01-DEL15-MG
48314;105123;23/06/2017;sexta-feira;07:20:00;MG;365;626,5;UBERLANDIA;Objeto estático sobre o leito carroçável;Colisão transversal;Sem Vítimas;Pleno dia;Decrescente;Céu Claro;Dupla;Reta;Sim;86345;Automóvel;GM/MONZA SL;1989;Condutor;Ileso;46;Masculino;1;0;0;0;-18,90937207;-48,30909491;SPRF-MG;DEL15-MG;UOP01-DEL15-MG
48519;107328;23/06/2017;sexta-feira;19:20:00;MG;365;461,3;PATROCINIO;Falta de Atenção à Condução;Colisão frontal;Com Vítimas Feridas;Plena Noite;Crescente;Céu Claro;Simples;Rotatória;Não;88039;Caminhonete;FIAT/STRADA FIRE CE FLEX;2011;Passageiro;Lesões Leves;28;Masculino;0;1;0;0;-18,87000642;-46,90205097;SPRF-MG;DEL10-MG;UOP01-DEL10-MG
48519;107326;23/06/2017;sexta-feira;19:20:00;MG;365;461,3;PATROCINIO;Falta de Atenção à Condução;Colisão frontal;Com Vítimas Feridas;Plena Noite;Crescente;Céu Claro;Simples;Rotatória;Não;88039;Caminhonete;FIAT/STRADA FIRE CE FLEX;2011;Condutor;Lesões Leves;31;Masculino;0;1;0;0;-18,87000642;-46,90205097;SPRF-MG;DEL10-MG;UOP01-DEL10-MG
49043;104394;25/06/2017;domingo;08:00:00;MG;365;589,1;UBERLANDIA;Condutor Dormindo;Saída de leito carroçável;Com Vítimas Feridas;Amanhecer;Crescente;Céu Claro;Simples;Curva;Não;85821;Automóvel;HYUNDAI/HB20 1.0M 1.0 M;2013;Condutor;Lesões Leves;30;Masculino;0;1;0;0;-18,9057057;-48,3734525;SPRF-MG;DEL15-MG;UOP02-DEL15-MG
49043;104398;25/06/2017;domingo;08:00:00;MG;365;589,1;UBERLANDIA;Condutor Dormindo;Saída de leito carroçável;Com Vítimas Feridas;Amanhecer;Crescente;Céu Claro;Simples;Curva;Não;85821;Automóvel;HYUNDAI/HB20 1.0M 1.0 M;2013;Passageiro;Lesões Leves;23;Feminino;0;1;0;0;-18,9057057;-48,3734525;SPRF-MG;DEL15-MG;UOP02-DEL15-MG
49043;104396;25/06/2017;domingo;08:00:00;MG;365;589,1;UBERLANDIA;Condutor Dormindo;Saída de leito carroçável;Com Vítimas Feridas;Amanhecer;Crescente;Céu Claro;Simples;Curva;Não;85821;Automóvel;HYUNDAI/HB20 1.0M 1.0 M;2013;Passageiro;Lesões Leves;21;Masculino;0;1;0;0;-18,9057057;-48,3734525;SPRF-MG;DEL15-MG;UOP02-DEL15-MG
49043;104397;25/06/2017;domingo;08:00:00;MG;365;589,1;UBERLANDIA;Condutor Dormindo;Saída de leito carroçável;Com Vítimas Feridas;Amanhecer;Crescente;Céu Claro;Simples;Curva;Não;85821;Automóvel;HYUNDAI/HB20 1.0M 1.0 M;2013;Passageiro;Lesões Leves;22;Feminino;0;1;0;0;-18,9057057;-48,3734525;SPRF-MG;DEL15-MG;UOP02-DEL15-MG
50632;108573;01/07/2017;sábado;08:45:00;MG;365;621,8;UBERLANDIA;Defeito na Via;Colisão com objeto estático;Com Vítimas Feridas;Pleno dia;Decrescente;Sol;Múltipla;"Aclive;Curva;Desvio Temporário";Sim;89093;Motocicleta;YAMAHA/FAZER250 BLUEFLEX;2014;Condutor;Lesões Leves;34;Masculino;0;1;0;0;-18,89728319;-48,27141255;SPRF-MG;DEL15-MG;UOP01-DEL15-MG
50671;108638;01/07/2017;sábado;12:45:00;MG;365;626,2;UBERLANDIA;Defeito Mecânico no Veículo;Colisão com objeto em movimento;Com Vítimas Feridas;Pleno dia;Crescente;Sol;Dupla;"Aclive;Reta";Sim;89081;Caminhonete;FORD/F1000 SR;1987;Condutor;Ileso;46;Masculino;1;0;0;0;-18,9094279;-48,30849141;SPRF-MG;DEL15-MG;UOP01-DEL15-MG
50671;108646;01/07/2017;sábado;12:45:00;MG;365;626,2;UBERLANDIA;Defeito Mecânico no Veículo;Colisão com objeto em movimento;Com Vítimas Feridas;Pleno dia;Crescente;Sol;Dupla;"Aclive;Reta";Sim;89082;Motocicleta;HONDA/CG 160 TITAN EX;2016;Condutor;Lesões Graves;24;Masculino;0;0;1;0;-18,9094279;-48,30849141;SPRF-MG;DEL15-MG;UOP01-DEL15-MG
50683;108509;01/07/2017;sábado;13:00:00;MG;365;602;UBERLANDIA;Falta de Atenção à Condução;Colisão com objeto estático;Com Vítimas Feridas;Pleno dia;Crescente;Céu Claro;Simples;Reta;Não;89123;Caminhonete;MMC/L200 TRITON 3.2 D;2013;Condutor;Lesões Leves;30;Masculino;0;1;0;0;-18,8837;-48,1054;SPRF-MG;DEL15-MG;UOP01-DEL15-MG
51211;111817;02/07/2017;domingo;18:10:00;MG;365;721;MONTE ALEGRE DE MINAS;Restrição de Visibilidade;Saída de leito carroçável;Com Vítimas Feridas;Anoitecer;Decrescente;Céu Claro;Simples;Reta;Não;91825;Automóvel;CITROEN/C3 90M TENDANCE;2013;Condutor;Lesões Leves;21;Masculino;0;1;0;0;-18,8796;-49,1138;SPRF-MG;DEL15-MG;UOP03-DEL15-MG
51499;110210;04/07/2017;terça-feira;08:10:00;MG;365;624,7;UBERLANDIA;Não guardar distância de segurança;Engavetamento;Sem Vítimas;Pleno dia;Decrescente;Céu Claro;Dupla;Reta;Sim;90527;Caminhonete;FIAT/FIORINO FLEX;2008;Condutor;Ileso;25;Masculino;1;0;0;0;-18,90063777;-48,27579735;SPRF-MG;DEL15-MG;UOP01-DEL15-MG
51499;110207;04/07/2017;terça-feira;08:10:00;MG;365;624,7;UBERLANDIA;Não guardar distância de segurança;Engavetamento;Sem Vítimas;Pleno dia;Decrescente;Céu Claro;Dupla;Reta;Sim;90481;Automóvel;VW/GOL 1.6;2012;Condutor;Ileso;27;Feminino;1;0;0;0;-18,90063777;-48,27579735;SPRF-MG;DEL15-MG;UOP01-DEL15-MG
51499;110209;04/07/2017;terça-feira;08:10:00;MG;365;624,7;UBERLANDIA;Não guardar distância de segurança;Engavetamento;Sem Vítimas;Pleno dia;Decrescente;Céu Claro;Dupla;Reta;Sim;90512;Automóvel;CHEVROLET/CELTA 1.0L LT;2014;Condutor;Ileso;29;Masculino;1;0;0;0;-18,90063777;-48,27579735;SPRF-MG;DEL15-MG;UOP01-DEL15-MG
52125;113757;06/07/2017;quinta-feira;19:00:00;MG;365;513;PATROCINIO;Falta de Atenção à Condução;Colisão lateral;Com Vítimas Feridas;Plena Noite;Crescente;Céu Claro;Simples;Curva;Não;91888;Automóvel;FIAT/UNO MILLE FIRE FLEX;2005;Condutor;Ileso;47;Masculino;1;0;0;0;-18,9399;-47,3054;SPRF-MG;DEL10-MG;UOP01-DEL10-MG
52125;113762;06/07/2017;quinta-feira;19:00:00;MG;365;513;PATROCINIO;Falta de Atenção à Condução;Colisão lateral;Com Vítimas Feridas;Plena Noite;Crescente;Céu Claro;Simples;Curva;Não;91889;Automóvel;FORD/KA SE 1.5 SD B;2017;Condutor;Lesões Leves;70;Masculino;0;1;0;0;-18,9399;-47,3054;SPRF-MG;DEL10-MG;UOP01-DEL10-MG
52247;111930;07/07/2017;sexta-feira;08:15:00;MG;365;624,9;UBERLANDIA;Defeito Mecânico no Veículo;Queda de ocupante de veículo;Com Vítimas Feridas;Pleno dia;Crescente;Céu Claro;Dupla;Declive;Não;91947;Motocicleta;HONDA/CG 125 TITAN ES;2002;Condutor;Lesões Leves;26;Masculino;0;1;0;0;-18,9146078;-48,2753801;SPRF-MG;DEL15-MG;UOP01-DEL15-MG
53380;114282;10/07/2017;segunda-feira;19:40:00;MG;365;630;UBERLANDIA;Falta de Atenção à Condução;Capotamento;Sem Vítimas;Plena Noite;Crescente;Céu Claro;Dupla;Retorno Regulamentado;Não;93955;Automóvel;I/HYUNDAI I30 1.8;2015;Condutor;Ileso;26;Masculino;1;0;0;0;-18,90530702;-48,33843559;SPRF-MG;DEL15-MG;UOP01-DEL15-MG
53380;114283;10/07/2017;segunda-feira;19:40:00;MG;365;630;UBERLANDIA;Falta de Atenção à Condução;Capotamento;Sem Vítimas;Plena Noite;Crescente;Céu Claro;Dupla;Retorno Regulamentado;Não;93955;Automóvel;I/HYUNDAI I30 1.8;2015;Passageiro;Ileso;24;Feminino;1;0;0;0;-18,90530702;-48,33843559;SPRF-MG;DEL15-MG;UOP01-DEL15-MG
53601;114907;11/07/2017;terça-feira;21:55:00;MG;365;620;UBERLANDIA;Não guardar distância de segurança;Colisão traseira;Com Vítimas Feridas;Plena Noite;Crescente;Céu Claro;Dupla;Desvio Temporário;Sim;94399;Automóvel;FIAT/PALIO ELX FLEX;2006;Condutor;Ileso;26;Feminino;1;0;0;0;-18,8869496;-48,26802936;SPRF-MG;DEL15-MG;UOP01-DEL15-MG
53601;114906;11/07/2017;terça-feira;21:55:00;MG;365;620;UBERLANDIA;Não guardar distância de segurança;Colisão traseira;Com Vítimas Feridas;Plena Noite;Crescente;Céu Claro;Dupla;Desvio Temporário;Sim;94398;Motocicleta;HONDA/CG 125 FAN;2005;Condutor;Lesões Leves;19;Masculino;0;1;0;0;-18,8869496;-48,26802936;SPRF-MG;DEL15-MG;UOP01-DEL15-MG
53688;115328;12/07/2017;quarta-feira;10:55:00;MG;365;621,7;UBERLANDIA;Falta de Atenção à Condução;Colisão traseira;Sem Vítimas;Pleno dia;Decrescente;Céu Claro;Dupla;"Reta;Em Obras;Desvio Temporário;Aclive";Sim;94682;Caminhonete;FIAT/F GREENCAR AMB M11;2011;Condutor;Ileso;42;Masculino;1;0;0;0;-18,9113;-48,2622;SPRF-MG;DEL15-MG;UOP01-DEL15-MG
53688;115331;12/07/2017;quarta-feira;10:55:00;MG;365;621,7;UBERLANDIA;Falta de Atenção à Condução;Colisão traseira;Sem Vítimas;Pleno dia;Decrescente;Céu Claro;Dupla;"Reta;Em Obras;Desvio Temporário;Aclive";Sim;94695;Automóvel;VW/GOL 1.0 ECOMOTION GIV;2010;Condutor;Ileso;33;Masculino;1;0;0;0;-18,9113;-48,2622;SPRF-MG;DEL15-MG;UOP01-DEL15-MG
53732;115248;12/07/2017;quarta-feira;13:50:00;MG;365;713;MONTE ALEGRE DE MINAS;Ultrapassagem Indevida;Capotamento;Com Vítimas Feridas;Pleno dia;Crescente;Céu Claro;Simples;Aclive;Não;94626;Automóvel;FIAT/UNO ATTRACTIVE 1.0;2014;Condutor;Lesões Leves;57;Masculino;0;1;0;0;-18,8684187;-49,0540819;SPRF-MG;DEL15-MG;UOP03-DEL15-MG
53732;115249;12/07/2017;quarta-feira;13:50:00;MG;365;713;MONTE ALEGRE DE MINAS;Ultrapassagem Indevida;Capotamento;Com Vítimas Feridas;Pleno dia;Crescente;Céu Claro;Simples;Aclive;Não;94626;Automóvel;FIAT/UNO ATTRACTIVE 1.0;2014;Passageiro;Lesões Leves;65;Masculino;0;1;0;0;-18,8684187;-49,0540819;SPRF-MG;DEL15-MG;UOP03-DEL15-MG
54041;116070;13/07/2017;quinta-feira;17:40:00;MG;365;624;UBERLANDIA;Falta de Atenção à Condução;Colisão traseira;Com Vítimas Feridas;Pleno dia;Crescente;Céu Claro;Dupla;Declive;Sim;95256;Motocicleta;HONDA/CG 150 FAN ESI;2013;Condutor;Lesões Leves;56;Masculino;0;1;0;0;-18,8971;-48,2716;SPRF-MG;DEL15-MG;UOP01-DEL15-MG
54041;116067;13/07/2017;quinta-feira;17:40:00;MG;365;624;UBERLANDIA;Falta de Atenção à Condução;Colisão traseira;Com Vítimas Feridas;Pleno dia;Crescente;Céu Claro;Dupla;Declive;Sim;95255;Automóvel;RENAULT/LOGAN EXPR 1016V;2015;Condutor;Ileso;61;Masculino;1;0;0;0;-18,8971;-48,2716;SPRF-MG;DEL15-MG;UOP01-DEL15-MG
54122;117992;14/07/2017;sexta-feira;07:20:00;MG;365;645;UBERLANDIA;Falta de Atenção à Condução;Capotamento;Com Vítimas Feridas;Amanhecer;Decrescente;Céu Claro;Dupla;Curva;Não;96910;Automóvel;FIAT/UNO MILLE WAY ECON;2012;Condutor;Lesões Leves;47;Masculino;0;1;0;0;-18,8964088;-48,3838587;SPRF-MG;DEL15-MG;UOP01-DEL15-MG
54122;117993;14/07/2017;sexta-feira;07:20:00;MG;365;645;UBERLANDIA;Falta de Atenção à Condução;Capotamento;Com Vítimas Feridas;Amanhecer;Decrescente;Céu Claro;Dupla;Curva;Não;96910;Automóvel;FIAT/UNO MILLE WAY ECON;2012;Passageiro;Lesões Leves;46;Feminino;0;1;0;0;-18,8964088;-48,3838587;SPRF-MG;DEL15-MG;UOP01-DEL15-MG
54249;118724;14/07/2017;sexta-feira;16:25:00;MG;365;590;INDIANOPOLIS;Velocidade Incompatível;Queda de ocupante de veículo;Com Vítimas Feridas;Pleno dia;Crescente;Céu Claro;Simples;Declive;Não;97420;Bicicleta;Não Informado/Não Informado;0;Condutor;Lesões Graves;41;Masculino;0;0;1;0;-18,87315357;-48,08132172;SPRF-MG;DEL15-MG;UOP02-DEL15-MG
54523;117250;15/07/2017;sábado;15:30:00;MG;365;485,9;PATROCINIO;Falta de Atenção à Condução;Colisão transversal;Com Vítimas Feridas;Pleno dia;Crescente;Céu Claro;Simples;Interseção de Vias;Não;96229;Automóvel;I/VW SPACEFOX;2008;Condutor;Ileso;49;Masculino;1;0;0;0;-18,8975215;-47,10247397;SPRF-MG;DEL10-MG;UOP01-DEL10-MG
54523;117252;15/07/2017;sábado;15:30:00;MG;365;485,9;PATROCINIO;Falta de Atenção à Condução;Colisão transversal;Com Vítimas Feridas;Pleno dia;Crescente;Céu Claro;Simples;Interseção de Vias;Não;96229;Automóvel;I/VW SPACEFOX;2008;Passageiro;Não Informado;0;Não Informado;0;0;0;0;-18,8975215;-47,10247397;SPRF-MG;DEL10-MG;UOP01-DEL10-MG
54523;117251;15/07/2017;sábado;15:30:00;MG;365;485,9;PATROCINIO;Falta de Atenção à Condução;Colisão transversal;Com Vítimas Feridas;Pleno dia;Crescente;Céu Claro;Simples;Interseção de Vias;Não;96229;Automóvel;I/VW SPACEFOX;2008;Passageiro;Não Informado;0;Não Informado;0;0;0;0;-18,8975215;-47,10247397;SPRF-MG;DEL10-MG;UOP01-DEL10-MG
54523;117253;15/07/2017;sábado;15:30:00;MG;365;485,9;PATROCINIO;Falta de Atenção à Condução;Colisão transversal;Com Vítimas Feridas;Pleno dia;Crescente;Céu Claro;Simples;Interseção de Vias;Não;96229;Automóvel;I/VW SPACEFOX;2008;Passageiro;Não Informado;0;Não Informado;0;0;0;0;-18,8975215;-47,10247397;SPRF-MG;DEL10-MG;UOP01-DEL10-MG
54523;117256;15/07/2017;sábado;15:30:00;MG;365;485,9;PATROCINIO;Falta de Atenção à Condução;Colisão transversal;Com Vítimas Feridas;Pleno dia;Crescente;Céu Claro;Simples;Interseção de Vias;Não;96312;Motocicleta;HONDA/CG 150 TITAN EX;2013;Condutor;Lesões Leves;24;Masculino;0;1;0;0;-18,8975215;-47,10247397;SPRF-MG;DEL10-MG;UOP01-DEL10-MG
55235;120390;18/07/2017;terça-feira;06:15:00;MG;365;613;UBERLANDIA;Desobediência às normas de trânsito pelo condutor;Colisão lateral;Com Vítimas Feridas;Amanhecer;Crescente;Nevoeiro/Neblina;Simples;Reta;Sim;98737;Automóvel;I/PEUGEOT 307SD16 FXPR;2006;Passageiro;Lesões Leves;48;Feminino;0;1;0;0;-18,91967383;-48,20757866;SPRF-MG;DEL15-MG;UOP01-DEL15-MG