id;pesid;data_inversa;dia_semana;horario;uf;br;km;municipio;causa_acidente;tipo_acidente;classificacao_acidente;fase_dia;sentido_via;condicao_metereologica;tipo_pista;tracado_via;uso_solo;id_veiculo;tipo_veiculo;marca;ano_fabricacao_veiculo;tipo_envolvido;estado_fisico;idade;sexo;ilesos;feridos_leves;feridos_graves;mortos;latitude;longitude;regional;delegacia;uop
59536;128358;03/08/2017;quinta-feira;08:00:00;MG;365;435;PATOS DE MINAS;Falta de Atenção à Condução;Colisão traseira;Sem Vítimas;Amanhecer;Crescente;Céu Claro;Simples;Reta;Sim;105242;Caminhonete;FIAT/STRADA FIRE FLEX;2012;Condutor;Ileso;65;Masculino;1;0;0;0;-18,68251244;-46,57495022;SPRF-MG;DEL10-MG;UOP01-DEL10-MG
59536;128360;03/08/2017;quinta-feira;08:00:00;MG;365;435;PATOS DE MINAS;Falta de Atenção à Condução;Colisão traseira;Sem Vítimas;Amanhecer;Crescente;Céu Claro;Simples;Reta;Sim;105242;Caminhonete;FIAT/STRADA FIRE FLEX;2012;Passageiro;Ileso;43;Feminino;1;0;0;0;-18,68251244;-46,57495022;SPRF-MG;DEL10-MG;UOP01-DEL10-MG
59631;128617;04/08/2017;sexta-feira;22:45:00;MG;365;581,4;INDIANOPOLIS;Não guardar distância de segurança;Atropelamento de Pedestre;Com Vítimas Feridas;Plena Noite;Crescente;Céu Claro;Simples;Reta;Não;105459;Automóvel;Não Informado/Não Informado;0;Condutor;Não Informado;0;Não Informado;0;0;0;0;-18,91862846;-47,81959536;SPRF-MG;DEL15-MG;UOP02-DEL15-MG
59631;128616;04/08/2017;sexta-feira;22:45:00;MG;365;581,4;INDIANOPOLIS;Não guardar distância de segurança;Atropelamento de Pedestre;Com Vítimas Feridas;Plena Noite;Crescente;Céu Claro;Simples;Reta;Não;0;NA;NA/NA;0;Pedestre;Lesões Leves;38;Masculino;0;1;0;0;-18,91862846;-47,81959536;SPRF-MG;DEL15-MG;UOP02-DEL15-MG
59800;129012;05/08/2017;sábado;16:20:00;MG;365;620;UBERLANDIA;Pista Escorregadia;Tombamento;Com Vítimas Feridas;Pleno dia;Crescente;Céu Claro;Dupla;Desvio Temporário;Sim;105812;Motocicleta;YAMAHA/YS150 FAZER ED;2013;Condutor;Lesões Leves;24;Masculino;0;1;0;0;-18,88621364;-48,26750365;SPRF-MG;DEL15-MG;UOP01-DEL15-MG
60315;132158;07/08/2017;segunda-feira;16:10:00;MG;365;620;UBERLANDIA;Falta de Atenção à Condução;Engavetamento;Sem Vítimas;Pleno dia;Decrescente;Céu Claro;Dupla;Reta;Não;108324;Micro-ônibus;RENAULT/MASTER BUS16 DCI;2009;Condutor;Ileso;51;Masculino;1;0;0;0;-18,8984302;-48,27194899;SPRF-MG;DEL15-MG;UOP01-DEL15-MG
60315;132160;07/08/2017;segunda-feira;16:10:00;MG;365;620;UBERLANDIA;Falta de Atenção à Condução;Engavetamento;Sem Vítimas;Pleno dia;Decrescente;Céu Claro;Dupla;Reta;Não;108328;Automóvel;TOYOTA/COROLLA GLI18 CVT;2016;Condutor;Ileso;59;Masculino;1;0;0;0;-18,8984302;-48,27194899;SPRF-MG;DEL15-MG;UOP01-DEL15-MG
61235;132228;11/08/2017;sexta-feira;14:00:00;MG;365;632;UBERLANDIA;Pista Escorregadia;Queda de ocupante de veículo;Com Vítimas Feridas;Pleno dia;Crescente;Céu Claro;Dupla;Interseção de Vias;Sim;108410;Motocicleta;YAMAHA/XTZ250 TENERE;2015;Condutor;Lesões Graves;28;Masculino;0;0;1;0;-18,90501774;-48,33881378;SPRF-MG;DEL15-MG;UOP01-DEL15-MG
61277;134427;11/08/2017;sexta-feira;17:30:00;MG;365;613;UBERLANDIA;Desobediência às normas de trânsito pelo condutor;Colisão traseira;Com Vítimas Feridas;Anoitecer;Crescente;Céu Claro;Simples;Reta;Não;110311;Motocicleta;HONDA/CG 125 FAN KS;2010;Condutor;Lesões Leves;26;Masculino;0;1;0;0;-18,97471334;-48,21367264;SPRF-MG;DEL15-MG;UOP01-DEL15-MG
61277;134426;11/08/2017;sexta-feira;17:30:00;MG;365;613;UBERLANDIA;Desobediência às normas de trânsito pelo condutor;Colisão traseira;Com Vítimas Feridas;Anoitecer;Crescente;Céu Claro;Simples;Reta;Não;110310;Automóvel;GM/CORSA CLASSIC;2003;Condutor;Ileso;58;Masculino;1;0;0;0;-18,97471334;-48,21367264;SPRF-MG;DEL15-MG;UOP01-DEL15-MG
61694;133041;13/08/2017;domingo;03:30:00;MG;365;645;UBERLANDIA;Velocidade Incompatível;Colisão com objeto estático;Com Vítimas Feridas;Plena Noite;Decrescente;Céu Claro;Dupla;Aclive;Não;109155;Caminhonete;MMC/L200 TRITON 2.4 HLS;2013;Condutor;Lesões Graves;34;Masculino;0;0;1;0;-18,8871;-48,4548;SPRF-MG;DEL15-MG;UOP01-DEL15-MG
61697;133987;13/08/2017;domingo;03:30:00;MG;365;571;INDIANOPOLIS;Falta de Atenção à Condução;Colisão lateral;Com Vítimas Feridas;Plena Noite;Decrescente;Céu Claro;Simples;Declive;Não;109926;Automóvel;CHEVROLET/CLASSIC LS;2010;Condutor;Ileso;27;Masculino;1;0;0;0;-18,92414957;-47,78898239;SPRF-MG;DEL15-MG;UOP02-DEL15-MG
61697;133990;13/08/2017;domingo;03:30:00;MG;365;571;INDIANOPOLIS;Falta de Atenção à Condução;Colisão lateral;Com Vítimas Feridas;Plena Noite;Decrescente;Céu Claro;Simples;Declive;Não;109926;Automóvel;CHEVROLET/CLASSIC LS;2010;Passageiro;Lesões Leves;44;Feminino;0;1;0;0;-18,92414957;-47,78898239;SPRF-MG;DEL15-MG;UOP02-DEL15-MG
61697;133994;13/08/2017;domingo;03:30:00;MG;365;571;INDIANOPOLIS;Falta de Atenção à Condução;Colisão lateral;Com Vítimas Feridas;Plena Noite;Decrescente;Céu Claro;Simples;Declive;Não;109927;Automóvel;GM/MONZA GLS;1994;Condutor;Lesões Leves;45;Masculino;0;1;0;0;-18,92414957;-47,78898239;SPRF-MG;DEL15-MG;UOP02-DEL15-MG
61697;134001;13/08/2017;domingo;03:30:00;MG;365;571;INDIANOPOLIS;Falta de Atenção à Condução;Colisão lateral;Com Vítimas Feridas;Plena Noite;Decrescente;Céu Claro;Simples;Declive;Não;109927;Automóvel;GM/MONZA GLS;1994;Passageiro;Ileso;39;Feminino;1;0;0;0;-18,92414957;-47,78898239;SPRF-MG;DEL15-MG;UOP02-DEL15-MG
62331;134451;15/08/2017;terça-feira;11:40:00;MG;365;516;MONTE CARMELO;Não guardar distância de segurança;Engavetamento;Com Vítimas Feridas;Pleno dia;Crescente;Céu Claro;Simples;Reta;Não;110319;Automóvel;FIAT/PALIO EX;1998;Passageiro;Lesões Leves;40;Feminino;0;1;0;0;-18,927913;-47,329459;SPRF-MG;DEL10-MG;UOP01-DEL10-MG
62331;134448;15/08/2017;terça-feira;11:40:00;MG;365;516;MONTE CARMELO;Não guardar distância de segurança;Engavetamento;Com Vítimas Feridas;Pleno dia;Crescente;Céu Claro;Simples;Reta;Não;110319;Automóvel;FIAT/PALIO EX;1998;Condutor;Ileso;40;Masculino;1;0;0;0;-18,927913;-47,329459;SPRF-MG;DEL10-MG;UOP01-DEL10-MG
62331;134450;15/08/2017;terça-feira;11:40:00;MG;365;516;MONTE CARMELO;Não guardar distância de segurança;Engavetamento;Com Vítimas Feridas;Pleno dia;Crescente;Céu Claro;Simples;Reta;Não;110319;Automóvel;FIAT/PALIO EX;1998;Passageiro;Lesões Leves;34;Masculino;0;1;0;0;-18,927913;-47,329459;SPRF-MG;DEL10-MG;UOP01-DEL10-MG
62331;134449;15/08/2017;terça-feira;11:40:00;MG;365;516;MONTE CARMELO;Não guardar distância de segurança;Engavetamento;Com Vítimas Feridas;Pleno dia;Crescente;Céu Claro;Simples;Reta;Não;110320;Automóvel;VW/GOL 1.6 POWER;2007;Condutor;Ileso;41;Masculino;1;0;0;0;-18,927913;-47,329459;SPRF-MG;DEL10-MG;UOP01-DEL10-MG
63226;136444;18/08/2017;sexta-feira;21:20:00;MG;365;625,2;UBERLANDIA;Pista Escorregadia;Queda de ocupante de veículo;Com Vítimas Feridas;Plena Noite;Crescente;Vento;Dupla;Rotatória;Sim;111930;Motocicleta;YAMAHA/YBR150 FACTOR ED;2017;Condutor;Lesões Leves;46;Masculino;0;1;0;0;-18,90337988;-48,28043941;SPRF-MG;DEL15-MG;UOP01-DEL15-MG
63226;136427;18/08/2017;sexta-feira;21:20:00;MG;365;625,2;UBERLANDIA;Pista Escorregadia;Queda de ocupante de veículo;Com Vítimas Feridas;Plena Noite;Crescente;Vento;Dupla;Rotatória;Sim;111930;Motocicleta;YAMAHA/YBR150 FACTOR ED;2017;Passageiro;Lesões Leves;37;Feminino;0;1;0;0;-18,90337988;-48,28043941;SPRF-MG;DEL15-MG;UOP01-DEL15-MG
63476;139021;19/08/2017;sábado;18:25:00;MG;365;628;UBERLANDIA;Ingestão de Álcool;Atropelamento de Pedestre;Com Vítimas Feridas;Plena Noite;Decrescente;Céu Claro;Dupla;Reta;Sim;112443;Ônibus;SCANIA/K113 CL 4X2 360;1993;Condutor;Ileso;36;Masculino;1;0;0;0;-18,90943297;-48,30922902;SPRF-MG;DEL15-MG;UOP01-DEL15-MG
63476;139025;19/08/2017;sábado;18:25:00;MG;365;628;UBERLANDIA;Ingestão de Álcool;Atropelamento de Pedestre;Com Vítimas Feridas;Plena Noite;Decrescente;Céu Claro;Dupla;Reta;Sim;0;NA;NA/NA;0;Pedestre;Lesões Leves;28;Feminino;0;1;0;0;-18,90943297;-48,30922902;SPRF-MG;DEL15-MG;UOP01-DEL15-MG
63565;139593;20/08/2017;domingo;00:40:00;MG;365;627,5;UBERLANDIA;Falta de Atenção do Pedestre;Atropelamento de Pedestre;Com Vítimas Feridas;Plena Noite;Crescente;Céu Claro;Dupla;Reta;Sim;114488;Automóvel;Não Informado/Não Informado;0;Condutor;Não Informado;0;Não Informado;0;0;0;0;-18,9105;-48,3046;SPRF-MG;DEL15-MG;UOP01-DEL15-MG
63565;137133;20/08/2017;domingo;00:40:00;MG;365;627,5;UBERLANDIA;Falta de Atenção do Pedestre;Atropelamento de Pedestre;Com Vítimas Feridas;Plena Noite;Crescente;Céu Claro;Dupla;Reta;Sim;0;NA;NA/NA;0;Pedestre;Lesões Leves;906;Feminino;0;1;0;0;-18,9105;-48,3046;SPRF-MG;DEL15-MG;UOP01-DEL15-MG
63778;137546;20/08/2017;domingo;17:00:00;MG;365;614,4;UBERLANDIA;Velocidade Incompatível;Queda de ocupante de veículo;Com Vítimas Feridas;Anoitecer;Decrescente;Nublado;Simples;Curva;Sim;112818;Motocicleta;HONDA/CG 125 TITAN;1996;Condutor;Lesões Leves;44;Masculino;0;1;0;0;-18,911543;-48,221394;SPRF-MG;DEL15-MG;UOP01-DEL15-MG
63814;139522;20/08/2017;domingo;18:25:00;MG;365;623,6;UBERLANDIA;Não guardar distância de segurança;Colisão traseira;Com Vítimas Feridas;Anoitecer;Decrescente;Nublado;Múltipla;"Aclive;Reta;Desvio Temporário";Sim;112853;Automóvel;GM/CORSA SEDAN PREMIUM;2009;Condutor;Ileso;45;Masculino;1;0;0;0;-18,894162;-48,271583;SPRF-MG;DEL15-MG;UOP01-DEL15-MG
63814;139524;20/08/2017;domingo;18:25:00;MG;365;623,6;UBERLANDIA;Não guardar distância de segurança;Colisão traseira;Com Vítimas Feridas;Anoitecer;Decrescente;Nublado;Múltipla;"Aclive;Reta;Desvio Temporário";Sim;112853;Automóvel;GM/CORSA SEDAN PREMIUM;2009;Passageiro;Ileso;7;Masculino;1;0;0;0;-18,894162;-48,271583;SPRF-MG;DEL15-MG;UOP01-DEL15-MG
63814;139526;20/08/2017;domingo;18:25:00;MG;365;623,6;UBERLANDIA;Não guardar distância de segurança;Colisão traseira;Com Vítimas Feridas;Anoitecer;Decrescente;Nublado;Múltipla;"Aclive;Reta;Desvio Temporário";Sim;112853;Automóvel;GM/CORSA SEDAN PREMIUM;2009;Passageiro;Ileso;35;Feminino;1;0;0;0;-18,894162;-48,271583;SPRF-MG;DEL15-MG;UOP01-DEL15-MG
63814;139529;20/08/2017;domingo;18:25:00;MG;365;623,6;UBERLANDIA;Não guardar distância de segurança;Colisão traseira;Com Vítimas Feridas;Anoitecer;Decrescente;Nublado;Múltipla;"Aclive;Reta;Desvio Temporário";Sim;112854;Automóvel;GM/CORSA HATCH MAXX;2010;Passageiro;Ileso;54;Feminino;1;0;0;0;-18,894162;-48,271583;SPRF-MG;DEL15-MG;UOP01-DEL15-MG
63814;139528;20/08/2017;domingo;18:25:00;MG;365;623,6;UBERLANDIA;Não guardar distância de segurança;Colisão traseira;Com Vítimas Feridas;Anoitecer;Decrescente;Nublado;Múltipla;"Aclive;Reta;Desvio Temporário";Sim;112854;Automóvel;GM/CORSA HATCH MAXX;2010;Condutor;Lesões Leves;54;Masculino;0;1;0;0;-18,894162;-48,271583;SPRF-MG;DEL15-MG;UOP01-DEL15-MG
64018;138105;21/08/2017;segunda-feira;14:10:00;MG;365;626,7;UBERLANDIA;Mal Súbito;Saída de leito carroçável;Sem Vítimas;Pleno dia;Crescente;Céu Claro;Dupla;Reta;Sim;113256;Automóvel;VW/GOLF;2008;Condutor;Não Informado;0;Não Informado;0;0;0;0;-18,90594965;-48,29423784;SPRF-MG;DEL15-MG;UOP01-DEL15-MG
66045;142482;29/08/2017;terça-feira;14:15:00;MG;365;673,8;MONTE ALEGRE DE MINAS;Mal Súbito;Saída de leito carroçável;Com Vítimas Feridas;Pleno dia;Crescente;Céu Claro;Dupla;Reta;Não;116970;Automóvel;CHEVROLET/ONIX 1.4MT LTZ;2016;Condutor;Lesões Leves;53;Masculino;0;1;0;0;-18,88780059;-48,71403635;SPRF-MG;DEL15-MG;UOP01-DEL15-MG
66045;142476;29/08/2017;terça-feira;14:15:00;MG;365;673,8;MONTE ALEGRE DE MINAS;Mal Súbito;Saída de leito carroçável;Com Vítimas Feridas;Pleno dia;Crescente;Céu Claro;Dupla;Reta;Não;116970;Automóvel;CHEVROLET/ONIX 1.4MT LTZ;2016;Passageiro;Lesões Graves;47;Feminino;0;0;1;0;-18,88780059;-48,71403635;SPRF-MG;DEL15-MG;UOP01-DEL15-MG
66045;142484;29/08/2017;terça-feira;14:15:00;MG;365;673,8;MONTE ALEGRE DE MINAS;Mal Súbito;Saída de leito carroçável;Com Vítimas Feridas;Pleno dia;Crescente;Céu Claro;Dupla;Reta;Não;0;NA;NA/NA;0;Testemunha;Não Informado;0;Não Informado;0;0;0;0;-18,88780059;-48,71403635;SPRF-MG;DEL15-MG;UOP01-DEL15-MG
66190;144432;30/08/2017;quarta-feira;07:00:00;MG;365;623;UBERLANDIA;Falta de Atenção à Condução;Colisão lateral;Com Vítimas Feridas;Pleno dia;Decrescente;Céu Claro;Dupla;Reta;Sim;117226;Motocicleta;HONDA/CG 150 TITAN KS;2005;Passageiro;Lesões Graves;20;Feminino;0;0;1;0;-18,8887;-48,2692;SPRF-MG;DEL15-MG;UOP01-DEL15-MG
66190;144429;30/08/2017;quarta-feira;07:00:00;MG;365;623;UBERLANDIA;Falta de Atenção à Condução;Colisão lateral;Com Vítimas Feridas;Pleno dia;Decrescente;Céu Claro;Dupla;Reta;Sim;117226;Motocicleta;HONDA/CG 150 TITAN KS;2005;Condutor;Ileso;21;Masculino;1;0;0;0;-18,8887;-48,2692;SPRF-MG;DEL15-MG;UOP01-DEL15-MG
66190;144428;30/08/2017;quarta-feira;07:00:00;MG;365;623;UBERLANDIA;Falta de Atenção à Condução;Colisão lateral;Com Vítimas Feridas;Pleno dia;Decrescente;Céu Claro;Dupla;Reta;Sim;117225;Automóvel;FIAT/UNO MILLE SX;1996;Condutor;Ileso;41;Masculino;1;0;0;0;-18,8887;-48,2692;SPRF-MG;DEL15-MG;UOP01-DEL15-MG
66190;144430;30/08/2017;quarta-feira;07:00:00;MG;365;623;UBERLANDIA;Falta de Atenção à Condução;Colisão lateral;Com Vítimas Feridas;Pleno dia;Decrescente;Céu Claro;Dupla;Reta;Sim;0;NA;NA/NA;0;Testemunha;Não Informado;0;Não Informado;0;0;0;0;-18,8887;-48,2692;SPRF-MG;DEL15-MG;UOP01-DEL15-MG
66194;144440;30/08/2017;quarta-feira;07:00:00;MG;365;623;UBERLANDIA;Não guardar distância de segurança;Colisão traseira;Com Vítimas Feridas;Pleno dia;Decrescente;Céu Claro;Dupla;Reta;Sim;118656;Automóvel;FIAT/DOBLO ESSENCE 1.8;2013;Condutor;Ileso;55;Masculino;1;0;0;0;-18,8887;-48,2692;SPRF-MG;DEL15-MG;UOP01-DEL15-MG
66194;144433;30/08/2017;quarta-feira;07:00:00;MG;365;623;UBERLANDIA;Não guardar distância de segurança;Colisão traseira;Com Vítimas Feridas;Pleno dia;Decrescente;Céu Claro;Dupla;Reta;Sim;118644;Automóvel;FIAT/PALIO EDX;1997;Condutor;Ileso;27;Masculino;1;0;0;0;-18,8887;-48,2692;SPRF-MG;DEL15-MG;UOP01-DEL15-MG
66194;144435;30/08/2017;quarta-feira;07:00:00;MG;365;623;UBERLANDIA;Não guardar distância de segurança;Colisão traseira;Com Vítimas Feridas;Pleno dia;Decrescente;Céu Claro;Dupla;Reta;Sim;118645;Motocicleta;HONDA/CG 125 TITAN KS;2000;Condutor;Lesões Leves;38;Masculino;0;1;0;0;-18,8887;-48,2692;SPRF-MG;DEL15-MG;UOP01-DEL15-MG
66204;143684;30/08/2017;quarta-feira;08:30:00;MG;365;620;UBERLANDIA;Falta de Atenção à Condução;Colisão lateral;Com Vítimas Feridas;Pleno dia;Crescente;Sol;Múltipla;"Declive;Em Obras;Reta";Sim;117453;Automóvel;VW/GOL 16V;1998;Condutor;Ileso;37;Masculino;1;0;0;0;-18,88987726;-48,27023417;SPRF-MG;DEL15-MG;UOP01-DEL15-MG
66204;143692;30/08/2017;quarta-feira;08:30:00;MG;365;620;UBERLANDIA;Falta de Atenção à Condução;Colisão lateral;Com Vítimas Feridas;Pleno dia;Crescente;Sol;Múltipla;"Declive;Em Obras;Reta";Sim;117453;Automóvel;VW/GOL 16V;1998;Passageiro;Lesões Leves;31;Feminino;0;1;0;0;-18,88987726;-48,27023417;SPRF-MG;DEL15-MG;UOP01-DEL15-MG
66272;143703;30/08/2017;quarta-feira;12:00:00;MG;365;654,8;UBERLANDIA;Defeito Mecânico no Veículo;Tombamento;Com Vítimas Feridas;Pleno dia;Crescente;Sol;Dupla;"Aclive;Reta";Não;117458;Caminhonete;HYUNDAI/HR HDB;2013;Condutor;Lesões Leves;62;Masculino;0;1;0;0;-18,86614253;-48,5746488;SPRF-MG;DEL15-MG;UOP01-DEL15-MG
67330;145089;03/09/2017;domingo;11:00:00;MG;365;688;MONTE ALEGRE DE MINAS;Falta de Atenção à Condução;Colisão traseira;Sem Vítimas;Pleno dia;Crescente;Sol;Dupla;"Reta;Declive";Sim;119256;Automóvel;TOYOTA/COROLLA XLI18FLEX;2007;Condutor;Ileso;58;Masculino;1;0;0;0;-18,86275758;-48,86495948;SPRF-MG;DEL15-MG;UOP03-DEL15-MG
67330;145092;03/09/2017;domingo;11:00:00;MG;365;688;MONTE ALEGRE DE MINAS;Falta de Atenção à Condução;Colisão traseira;Sem Vítimas;Pleno dia;Crescente;Sol;Dupla;"Reta;Declive";Sim;119257;Automóvel;VW/FOX 1.0;2007;Condutor;Ileso;45;Feminino;1;0;0;0;-18,86275758;-48,86495948;SPRF-MG;DEL15-MG;UOP03-DEL15-MG
67335;145199;03/09/2017;domingo;12:40:00;MG;365;471,2;PATROCINIO;Falta de Atenção à Condução;Colisão traseira;Sem Vítimas;Pleno dia;Crescente;Sol;Simples;Reta;Não;119330;Automóvel;GM/ASTRA HB 4P ADVANTAGE;2011;Passageiro;Ileso;22;Masculino;1;0;0;0;-18,91667979;-46,97627306;SPRF-MG;DEL10-MG;UOP01-DEL10-MG
67335;145195;03/09/2017;domingo;12:40:00;MG;365;471,2;PATROCINIO;Falta de Atenção à Condução;Colisão traseira;Sem Vítimas;Pleno dia;Crescente;Sol;Simples;Reta;Não;119330;Automóvel;GM/ASTRA HB 4P ADVANTAGE;2011;Condutor;Ileso;56;Masculino;1;0;0;0;-18,91667979;-46,97627306;SPRF-MG;DEL10-MG;UOP01-DEL10-MG
67335;145205;03/09/2017;domingo;12:40:00;MG;365;471,2;PATROCINIO;Falta de Atenção à Condução;Colisão traseira;Sem Vítimas;Pleno dia;Crescente;Sol;Simples;Reta;Não;119330;Automóvel;GM/ASTRA HB 4P ADVANTAGE;2011;Passageiro;Ileso;29;Feminino;1;0;0;0;-18,91667979;-46,97627306;SPRF-MG;DEL10-MG;UOP01-DEL10-MG
67335;145209;03/09/2017;domingo;12:40:00;MG;365;471,2;PATROCINIO;Falta de Atenção à Condução;Colisão traseira;Sem Vítimas;Pleno dia;Crescente;Sol;Simples;Reta;Não;119331;Automóvel;I/M.BENZ SLK 250 CGI;2013;Condutor;Ileso;63;Masculino;1;0;0;0;-18,91667979;-46,97627306;SPRF-MG;DEL10-MG;UOP01-DEL10-MG
67335;145210;03/09/2017;domingo;12:40:00;MG;365;471,2;PATROCINIO;Falta de Atenção à Condução;Colisão traseira;Sem Vítimas;Pleno dia;Crescente;Sol;Simples;Reta;Não;119331;Automóvel;I/M.BENZ SLK 250 CGI;2013;Passageiro;Ileso;61;Feminino;1;0;0;0;-18,91667979;-46,97627306;SPRF-MG;DEL10-MG;UOP01-DEL10-MG
68176;146982;06/09/2017;quarta-feira;16:30:00;MG;365;627;UBERLANDIA;Falta de Atenção à Condução;Queda de ocupante de veículo;Com Vítimas Feridas;Pleno dia;Crescente;Céu Claro;Dupla;Aclive;Sim;120853;Motocicleta;YAMAHA/FAZER250 BLUEFLEX;2016;Condutor;Lesões Leves;25;Masculino;0;1;0;0;-18,9049;-48,2878;SPRF-MG;DEL15-MG;UOP01-DEL15-MG
68437;147718;07/09/2017;quinta-feira;16:40:00;MG;365;610,5;UBERLANDIA;Falta de Atenção à Condução;Colisão traseira;Sem Vítimas;Pleno dia;Decrescente;Céu Claro;Dupla;Viaduto;Sim;121382;Automóvel;I/AUDI A5 SPB 2.0TFSI AT;2013;Condutor;Ileso;28;Masculino;1;0;0;0;-18,91184798;-48,17174791;SPRF-MG;DEL15-MG;UOP01-DEL15-MG
68437;147720;07/09/2017;quinta-feira;16:40:00;MG;365;610,5;UBERLANDIA;Falta de Atenção à Condução;Colisão traseira;Sem Vítimas;Pleno dia;Decrescente;Céu Claro;Dupla;Viaduto;Sim;121383;Automóvel;VW/FOX 1.0;2004;Condutor;Ileso;41;Masculino;1;0;0;0;-18,91184798;-48,17174791;SPRF-MG;DEL15-MG;UOP01-DEL15-MG
69496;152240;11/09/2017;segunda-feira;17:15:00;MG;365;518,5;MONTE CARMELO;Falta de Atenção à Condução;Queda de ocupante de veículo;Com Vítimas Feridas;Anoitecer;Decrescente;Céu Claro;Simples;Reta;Não;123273;Motoneta;I/LIFAN LF110 2G;2008;Condutor;Lesões Leves;69;Masculino;0;1;0;0;-18,916325;-47,350437;SPRF-MG;DEL10-MG;UOP01-DEL10-MG
69694;150524;12/09/2017;terça-feira;14:15:00;MG;365;620,5;UBERLANDIA;Pista Escorregadia;Tombamento;Com Vítimas Feridas;Pleno dia;Decrescente;Sol;Simples;"Em Obras;Reta";Sim;123641;Motocicleta;HONDA/CG 160 TITAN EX;2016;Condutor;Lesões Leves;20;Feminino;0;1;0;0;-18,88699528;-48,26811612;SPRF-MG;DEL15-MG;UOP01-DEL15-MG
69697;150717;12/09/2017;terça-feira;14:40:00;MG;365;638;UBERLANDIA;Avarias e/ou desgaste excessivo no pneu;Colisão traseira;Sem Vítimas;Pleno dia;Decrescente;Céu Claro;Dupla;Reta;Não;123642;Automóvel;I/VW SPACEFOX TREND GII;2014;Condutor;Ileso;50;Masculino;1;0;0;0;-18,89192869;-48,42313528;SPRF-MG;DEL15-MG;UOP01-DEL15-MG
69697;150664;12/09/2017;terça-feira;14:40:00;MG;365;638;UBERLANDIA;Avarias e/ou desgaste excessivo no pneu;Colisão traseira;Sem Vítimas;Pleno dia;Decrescente;Céu Claro;Dupla;Reta;Não;123776;Automóvel;HONDA/CIVIC LXR;2015;Condutor;Ileso;51;Masculino;1;0;0;0;-18,89192869;-48,42313528;SPRF-MG;DEL15-MG;UOP01-DEL15-MG
70345;151978;15/09/2017;sexta-feira;05:40:00;MG;365;752,8;ITUIUTABA;Pista Escorregadia;Tombamento;Com Vítimas Feridas;Amanhecer;Decrescente;Céu Claro;Simples;Rotatória;Sim;124820;Motocicleta;HONDA/CG 160 TITAN EX;2015;Condutor;Lesões Leves;21;Masculino;0;1;0;0;-18,9407118;-49,44602966;SPRF-MG;DEL15-MG;UOP03-DEL15-MG
70409;152174;15/09/2017;sexta-feira;17:30:00;MG;365;636;UBERLANDIA;Não guardar distância de segurança;Colisão traseira;Com Vítimas Feridas;Pleno dia;Crescente;Céu Claro;Dupla;Reta;Não;124934;Automóvel;VW/FOX 1.6 GII;2010;Condutor;Lesões Leves;72;Masculino;0;1;0;0;-18,89516171;-48,4009552;SPRF-MG;DEL15-MG;UOP01-DEL15-MG
70588;158139;17/04/2017;segunda-feira;22:24:00;MG;365;622;UBERLANDIA;Falta de Atenção à Condução;Tombamento;Com Vítimas Feridas;Plena Noite;Crescente;Céu Claro;Dupla;Reta;Sim;130060;Motoneta;HONDA/C100 BIZ ES;2001;Condutor;Lesões Leves;0;Feminino;0;1;0;0;-18,90879353;-48,31082118;SPRF-MG;DEL15-MG;UOP01-DEL15-MG
70597;152486;16/09/2017;sábado;08:40:00;MG;365;443,8;GUIMARANIA;Falta de Atenção à Condução;Colisão lateral;Com Vítimas Feridas;Pleno dia;Crescente;Céu Claro;Simples;Reta;Não;125272;Motocicleta;JTA/SUZUKI EN125 YES;2008;Condutor;Lesões Graves;53;Feminino;0;0;1;0;-18,79963943;-46,75271589;SPRF-MG;DEL10-MG;UOP01-DEL10-MG