id;pesid;data_inversa;dia_semana;horario;uf;br;km;municipio;causa_acidente;tipo_acidente;classificacao_acidente;fase_dia;sentido_via;condicao_metereologica;tipo_pista;tracado_via;uso_solo;id_veiculo;tipo_veiculo;marca;ano_fabricacao_veiculo;tipo_envolvido;estado_fisico;idade;sexo;ilesos;feridos_leves;feridos_graves;mortos;latitude;longitude;regional;delegacia;uop
70597;152487;16/09/2017;sábado;08:40:00;MG;365;443,8;GUIMARANIA;Falta de Atenção à Condução;Colisão lateral;Com Vítimas Feridas;Pleno dia;Crescente;Céu Claro;Simples;Reta;Não;125273;Automóvel;Não Informado/Não Informado;0;Condutor;Não Informado;0;Não Informado;0;0;0;0;-18,79963943;-46,75271589;SPRF-MG;DEL10-MG;UOP01-DEL10-MG
71096;153375;28/08/2017;segunda-feira;15:00:00;MG;365;638,2;UBERLANDIA;Falta de Atenção à Condução;Colisão traseira;Com Vítimas Feridas;Pleno dia;Decrescente;Céu Claro;Dupla;Aclive;Não;126105;Automóvel;I/HYUNDAI AZERA 3.0 V6;2012;Condutor;Lesões Leves;47;Feminino;0;1;0;0;-18,891651;-48,424875;SPRF-MG;DEL15-MG;UOP01-DEL15-MG
71096;153374;28/08/2017;segunda-feira;15:00:00;MG;365;638,2;UBERLANDIA;Falta de Atenção à Condução;Colisão traseira;Com Vítimas Feridas;Pleno dia;Decrescente;Céu Claro;Dupla;Aclive;Não;126105;Automóvel;I/HYUNDAI AZERA 3.0 V6;2012;Passageiro;Lesões Graves;21;Masculino;0;0;1;0;-18,891651;-48,424875;SPRF-MG;DEL15-MG;UOP01-DEL15-MG
71187;153838;18/09/2017;segunda-feira;09:45:00;MG;365;494;PATROCINIO;Desobediência às normas de trânsito pelo condutor;Colisão lateral;Com Vítimas Feridas;Pleno dia;Decrescente;Céu Claro;Simples;Reta;Não;126408;Automóvel;VW/GOL 1.6;2009;Condutor;Ileso;52;Feminino;1;0;0;0;-18,91571542;-47,19848394;SPRF-MG;DEL10-MG;UOP01-DEL10-MG
71187;153840;18/09/2017;segunda-feira;09:45:00;MG;365;494;PATROCINIO;Desobediência às normas de trânsito pelo condutor;Colisão lateral;Com Vítimas Feridas;Pleno dia;Decrescente;Céu Claro;Simples;Reta;Não;126408;Automóvel;VW/GOL 1.6;2009;Passageiro;Lesões Leves;23;Masculino;0;1;0;0;-18,91571542;-47,19848394;SPRF-MG;DEL10-MG;UOP01-DEL10-MG
71262;155343;18/09/2017;segunda-feira;14:20:00;MG;365;666,6;MONTE ALEGRE DE MINAS;Velocidade Incompatível;Capotamento;Com Vítimas Feridas;Pleno dia;Decrescente;Céu Claro;Dupla;Reta;Não;127668;Automóvel;HONDA/FIT LX FLEX;2009;Passageiro;Lesões Leves;66;Masculino;0;1;0;0;-18,89230427;-48,64260614;SPRF-MG;DEL15-MG;UOP01-DEL15-MG
71262;155340;18/09/2017;segunda-feira;14:20:00;MG;365;666,6;MONTE ALEGRE DE MINAS;Velocidade Incompatível;Capotamento;Com Vítimas Feridas;Pleno dia;Decrescente;Céu Claro;Dupla;Reta;Não;127668;Automóvel;HONDA/FIT LX FLEX;2009;Condutor;Lesões Leves;32;Masculino;0;1;0;0;-18,89230427;-48,64260614;SPRF-MG;DEL15-MG;UOP01-DEL15-MG
71262;155341;18/09/2017;segunda-feira;14:20:00;MG;365;666,6;MONTE ALEGRE DE MINAS;Velocidade Incompatível;Capotamento;Com Vítimas Feridas;Pleno dia;Decrescente;Céu Claro;Dupla;Reta;Não;127668;Automóvel;HONDA/FIT LX FLEX;2009;Passageiro;Lesões Leves;49;Masculino;0;1;0;0;-18,89230427;-48,64260614;SPRF-MG;DEL15-MG;UOP01-DEL15-MG
71417;156319;19/09/2017;terça-feira;10:40:00;MG;365;623;UBERLANDIA;Não guardar distância de segurança;Colisão lateral;Com Vítimas Feridas;Pleno dia;Decrescente;Céu Claro;Dupla;Reta;Sim;128522;Bicicleta;Não Informado/Não Informado;0;Condutor;Lesões Leves;31;Masculino;0;1;0;0;-18,90975776;-48,30814892;SPRF-MG;DEL15-MG;UOP01-DEL15-MG
71728;154941;16/09/2017;sábado;23:00:00;MG;365;621;UBERLANDIA;Não guardar distância de segurança;Colisão traseira;Com Vítimas Feridas;Plena Noite;Decrescente;Céu Claro;Dupla;Reta;Sim;127323;Automóvel;FORD/FIESTA FLEX;2012;Condutor;Ileso;39;Masculino;1;0;0;0;-18,89938976;-48,2729474;SPRF-MG;DEL15-MG;UOP01-DEL15-MG
71728;154942;16/09/2017;sábado;23:00:00;MG;365;621;UBERLANDIA;Não guardar distância de segurança;Colisão traseira;Com Vítimas Feridas;Plena Noite;Decrescente;Céu Claro;Dupla;Reta;Sim;127324;Automóvel;VW/FOX 1.0;2007;Condutor;Ileso;46;Masculino;1;0;0;0;-18,89938976;-48,2729474;SPRF-MG;DEL15-MG;UOP01-DEL15-MG
71728;154943;16/09/2017;sábado;23:00:00;MG;365;621;UBERLANDIA;Não guardar distância de segurança;Colisão traseira;Com Vítimas Feridas;Plena Noite;Decrescente;Céu Claro;Dupla;Reta;Sim;127324;Automóvel;VW/FOX 1.0;2007;Passageiro;Lesões Leves;38;Feminino;0;1;0;0;-18,89938976;-48,2729474;SPRF-MG;DEL15-MG;UOP01-DEL15-MG
71892;157415;21/09/2017;quinta-feira;14:00:00;MG;365;493,5;PATROCINIO;Não guardar distância de segurança;Colisão traseira;Com Vítimas Feridas;Pleno dia;Decrescente;Sol;Simples;Reta;Não;127846;Caminhonete;I/HYUNDAI HR HDLWBSC;2009;Condutor;Ileso;30;Masculino;1;0;0;0;-18,90335011;-47,15144828;SPRF-MG;DEL10-MG;UOP01-DEL10-MG
71912;155388;12/09/2017;terça-feira;13:30:00;MG;365;612;UBERLANDIA;Não guardar distância de segurança;Engavetamento;Com Vítimas Feridas;Pleno dia;Decrescente;Céu Claro;Simples;Reta;Sim;127695;Automóvel;GM/CORSA WIND;1999;Passageiro;Ileso;19;Masculino;1;0;0;0;-18,923025;-48,201714;SPRF-MG;DEL15-MG;UOP01-DEL15-MG
71912;155386;12/09/2017;terça-feira;13:30:00;MG;365;612;UBERLANDIA;Não guardar distância de segurança;Engavetamento;Com Vítimas Feridas;Pleno dia;Decrescente;Céu Claro;Simples;Reta;Sim;127695;Automóvel;GM/CORSA WIND;1999;Condutor;Lesões Leves;19;Masculino;0;1;0;0;-18,923025;-48,201714;SPRF-MG;DEL15-MG;UOP01-DEL15-MG
71912;155387;12/09/2017;terça-feira;13:30:00;MG;365;612;UBERLANDIA;Não guardar distância de segurança;Engavetamento;Com Vítimas Feridas;Pleno dia;Decrescente;Céu Claro;Simples;Reta;Sim;127696;Automóvel;VW/NOVO GOL 1.0;2013;Condutor;Ileso;26;Masculino;1;0;0;0;-18,923025;-48,201714;SPRF-MG;DEL15-MG;UOP01-DEL15-MG
71912;155389;12/09/2017;terça-feira;13:30:00;MG;365;612;UBERLANDIA;Não guardar distância de segurança;Engavetamento;Com Vítimas Feridas;Pleno dia;Decrescente;Céu Claro;Simples;Reta;Sim;127697;Automóvel;VW/NOVO GOL TL MCV;2017;Condutor;Ileso;29;Masculino;1;0;0;0;-18,923025;-48,201714;SPRF-MG;DEL15-MG;UOP01-DEL15-MG
71927;155463;21/09/2017;quinta-feira;16:45:00;MG;365;625;UBERLANDIA;Falta de Atenção à Condução;Colisão com objeto estático;Com Vítimas Feridas;Pleno dia;Crescente;Céu Claro;Dupla;Curva;Sim;127733;Motocicleta;HONDA/CB 300R;2011;Passageiro;Lesões Leves;18;Feminino;0;1;0;0;-18,91052069;-48,30386281;SPRF-MG;DEL15-MG;UOP01-DEL15-MG
71927;155461;21/09/2017;quinta-feira;16:45:00;MG;365;625;UBERLANDIA;Falta de Atenção à Condução;Colisão com objeto estático;Com Vítimas Feridas;Pleno dia;Crescente;Céu Claro;Dupla;Curva;Sim;127733;Motocicleta;HONDA/CB 300R;2011;Condutor;Lesões Leves;56;Masculino;0;1;0;0;-18,91052069;-48,30386281;SPRF-MG;DEL15-MG;UOP01-DEL15-MG
72378;156589;23/09/2017;sábado;09:00:00;MG;365;734;CANAPOLIS;Avarias e/ou desgaste excessivo no pneu;Saída de leito carroçável;Com Vítimas Feridas;Pleno dia;Decrescente;Sol;Simples;Reta;Não;128729;Automóvel;CITROEN/XSARA PICASSO EX;2002;Condutor;Lesões Graves;51;Feminino;0;0;1;0;-18,90117626;-49,29077603;SPRF-MG;DEL15-MG;UOP03-DEL15-MG
72485;156646;23/09/2017;sábado;16:45:00;MG;365;482,8;PATROCINIO;Velocidade Incompatível;Saída de leito carroçável;Com Vítimas Feridas;Pleno dia;Decrescente;Céu Claro;Simples;Curva;Não;128788;Automóvel;VW/GOL 1.6;2009;Condutor;Lesões Leves;37;Masculino;0;1;0;0;-18,90039938;-47,05775321;SPRF-MG;DEL10-MG;UOP01-DEL10-MG
73160;162826;26/09/2017;terça-feira;09:20:00;MG;365;695;MONTE ALEGRE DE MINAS;Velocidade Incompatível;Colisão lateral;Com Vítimas Feridas;Pleno dia;Decrescente;Céu Claro;Dupla;Reta;Não;133934;Automóvel;FORD/FIESTA FLEX;2008;Condutor;Lesões Leves;26;Masculino;0;1;0;0;-18,8772;-48,9233;SPRF-MG;DEL15-MG;UOP03-DEL15-MG
73160;162827;26/09/2017;terça-feira;09:20:00;MG;365;695;MONTE ALEGRE DE MINAS;Velocidade Incompatível;Colisão lateral;Com Vítimas Feridas;Pleno dia;Decrescente;Céu Claro;Dupla;Reta;Não;133931;Automóvel;HYUNDAI/HB20S 1.6A 1.6A;2013;Condutor;Ileso;38;Feminino;1;0;0;0;-18,8772;-48,9233;SPRF-MG;DEL15-MG;UOP03-DEL15-MG
73538;159709;28/09/2017;quinta-feira;02:15:00;MG;365;630;UBERLANDIA;Falta de Atenção à Condução;Colisão com objeto estático;Com Vítimas Feridas;Plena Noite;Decrescente;Céu Claro;Dupla;Reta;Sim;131381;Caminhonete;FIAT/STRADA WORKING CE;2011;Condutor;Lesões Leves;41;Masculino;0;1;0;0;-18,90457621;-48,34168282;SPRF-MG;DEL15-MG;UOP01-DEL15-MG
74255;160227;30/09/2017;sábado;07:10:00;MG;365;629,3;UBERLANDIA;Pista Escorregadia;Saída de leito carroçável;Com Vítimas Feridas;Pleno dia;Decrescente;Chuva;Dupla;Reta;Sim;0;NA;NA/NA;0;Testemunha;Não Informado;0;Não Informado;0;0;0;0;-18,90609365;-48,32087517;SPRF-MG;DEL15-MG;UOP01-DEL15-MG
74697;161279;01/10/2017;domingo;15:00:00;MG;365;625;UBERLANDIA;Ingestão de Álcool;Colisão traseira;Com Vítimas Feridas;Pleno dia;Decrescente;Céu Claro;Dupla;Reta;Sim;132736;Automóvel;I/CHEVROLET CLASSIC LS;2014;Condutor;Ileso;49;Masculino;1;0;0;0;-18,903;-48,2786;SPRF-MG;DEL15-MG;UOP01-DEL15-MG
74697;161285;01/10/2017;domingo;15:00:00;MG;365;625;UBERLANDIA;Ingestão de Álcool;Colisão traseira;Com Vítimas Feridas;Pleno dia;Decrescente;Céu Claro;Dupla;Reta;Sim;132737;Automóvel;FIAT/TEMPRA SX;1997;Condutor;Lesões Leves;69;Masculino;0;1;0;0;-18,903;-48,2786;SPRF-MG;DEL15-MG;UOP01-DEL15-MG
74697;161288;01/10/2017;domingo;15:00:00;MG;365;625;UBERLANDIA;Ingestão de Álcool;Colisão traseira;Com Vítimas Feridas;Pleno dia;Decrescente;Céu Claro;Dupla;Reta;Sim;0;NA;NA/NA;0;Testemunha;Não Informado;0;Não Informado;0;0;0;0;-18,903;-48,2786;SPRF-MG;DEL15-MG;UOP01-DEL15-MG
74697;161289;01/10/2017;domingo;15:00:00;MG;365;625;UBERLANDIA;Ingestão de Álcool;Colisão traseira;Com Vítimas Feridas;Pleno dia;Decrescente;Céu Claro;Dupla;Reta;Sim;0;NA;NA/NA;0;Testemunha;Não Informado;0;Não Informado;0;0;0;0;-18,903;-48,2786;SPRF-MG;DEL15-MG;UOP01-DEL15-MG
74740;161264;01/10/2017;domingo;18:20:00;MG;365;622;UBERLANDIA;Velocidade Incompatível;Colisão com objeto estático;Sem Vítimas;Anoitecer;Decrescente;Céu Claro;Simples;Reta;Sim;132734;Caminhonete;VW/NOVA SAVEIRO CE CROSS;2014;Condutor;Não Informado;0;Não Informado;0;0;0;0;-18,8902276;-48,2703384;SPRF-MG;DEL15-MG;UOP01-DEL15-MG
74951;161542;02/10/2017;segunda-feira;12:00:00;MG;365;726;MONTE ALEGRE DE MINAS;Pista Escorregadia;Saída de leito carroçável;Sem Vítimas;Pleno dia;Decrescente;Chuva;Simples;Reta;Não;132877;Caminhonete;VW/NOVA SAVEIRO TL MBVE;2016;Condutor;Ileso;27;Masculino;1;0;0;0;-18,8803;-49,1607;SPRF-MG;DEL15-MG;UOP03-DEL15-MG
75057;161643;02/10/2017;segunda-feira;17:00:00;MG;365;645,5;UBERLANDIA;Pista Escorregadia;Danos eventuais;Com Vítimas Feridas;Anoitecer;Decrescente;Chuva;Dupla;Reta;Não;133033;Automóvel;VW/NOVO GOL 1.0;2012;Condutor;Lesões Leves;38;Masculino;0;1;0;0;-18,88637098;-48,45912695;SPRF-MG;DEL15-MG;UOP01-DEL15-MG
75237;162195;03/10/2017;terça-feira;12:50:00;MG;365;599,7;UBERLANDIA;Avarias e/ou desgaste excessivo no pneu;Capotamento;Com Vítimas Feridas;Pleno dia;Decrescente;Nublado;Simples;Reta;Não;133469;Automóvel;GM/ASTRA HB 4P ADVANTAGE;2010;Condutor;Lesões Leves;52;Masculino;0;1;0;0;-18,872933;-48,086768;SPRF-MG;DEL15-MG;UOP01-DEL15-MG
75525;162909;04/10/2017;quarta-feira;17:30:00;MG;365;611;UBERLANDIA;Não guardar distância de segurança;Colisão traseira;Com Vítimas Feridas;Pleno dia;Crescente;Céu Claro;Dupla;Viaduto;Não;134042;Automóvel;GM/CELTA;2002;Condutor;Ileso;29;Masculino;1;0;0;0;-18,92784373;-48,19345951;SPRF-MG;DEL15-MG;UOP01-DEL15-MG
75525;162907;04/10/2017;quarta-feira;17:30:00;MG;365;611;UBERLANDIA;Não guardar distância de segurança;Colisão traseira;Com Vítimas Feridas;Pleno dia;Crescente;Céu Claro;Dupla;Viaduto;Não;134041;Motocicleta;HONDA/CBX 250 TWISTER;2007;Condutor;Lesões Leves;29;Masculino;0;1;0;0;-18,92784373;-48,19345951;SPRF-MG;DEL15-MG;UOP01-DEL15-MG
75808;163624;05/10/2017;quinta-feira;21:00:00;MG;365;611;UBERLANDIA;Falta de Atenção à Condução;Queda de ocupante de veículo;Com Vítimas Feridas;Plena Noite;Crescente;Céu Claro;Dupla;Interseção de Vias;Não;134667;Bicicleta;Não Informado/Não Informado;0;Condutor;Lesões Leves;50;Masculino;0;1;0;0;-18,91268653;-48,17275964;SPRF-MG;DEL15-MG;UOP01-DEL15-MG
75871;165783;06/10/2017;sexta-feira;05:30:00;MG;365;440,8;GUIMARANIA;Ingestão de Álcool;Colisão lateral;Sem Vítimas;Amanhecer;Crescente;Céu Claro;Simples;Curva;Não;134742;Automóvel;CHEVROLET/CRUZE LTZ NB;2015;Condutor;Ileso;38;Masculino;1;0;0;0;-18,79686;-46,73372;SPRF-MG;DEL10-MG;UOP01-DEL10-MG
76061;166201;06/10/2017;sexta-feira;18:10:00;MG;365;612;UBERLANDIA;Falta de Atenção à Condução;Engavetamento;Sem Vítimas;Anoitecer;Decrescente;Céu Claro;Simples;Reta;Sim;135199;Automóvel;VW/GOL TL MB;2016;Condutor;Ileso;39;Masculino;1;0;0;0;-18,92349801;-48,20096148;SPRF-MG;DEL15-MG;UOP01-DEL15-MG
76061;166204;06/10/2017;sexta-feira;18:10:00;MG;365;612;UBERLANDIA;Falta de Atenção à Condução;Engavetamento;Sem Vítimas;Anoitecer;Decrescente;Céu Claro;Simples;Reta;Sim;135202;Automóvel;Não Informado/Não Informado;0;Condutor;Não Informado;0;Não Informado;0;0;0;0;-18,92349801;-48,20096148;SPRF-MG;DEL15-MG;UOP01-DEL15-MG
76061;166209;06/10/2017;sexta-feira;18:10:00;MG;365;612;UBERLANDIA;Falta de Atenção à Condução;Engavetamento;Sem Vítimas;Anoitecer;Decrescente;Céu Claro;Simples;Reta;Sim;135200;Automóvel;GM/CORSA WIND;1996;Condutor;Ileso;24;Masculino;1;0;0;0;-18,92349801;-48,20096148;SPRF-MG;DEL15-MG;UOP01-DEL15-MG
76061;166210;06/10/2017;sexta-feira;18:10:00;MG;365;612;UBERLANDIA;Falta de Atenção à Condução;Engavetamento;Sem Vítimas;Anoitecer;Decrescente;Céu Claro;Simples;Reta;Sim;135201;Automóvel;PEUGEOT/207HB XLINE;2010;Condutor;Ileso;29;Feminino;1;0;0;0;-18,92349801;-48,20096148;SPRF-MG;DEL15-MG;UOP01-DEL15-MG
76132;166354;06/10/2017;sexta-feira;23:40:00;MG;365;470;PATROCINIO;Falta de Atenção à Condução;Colisão traseira;Com Vítimas Feridas;Plena Noite;Crescente;Céu Claro;Simples;Reta;Não;137035;Automóvel;IMP/CITROEN ZX 2.0I VOLC;1994;Condutor;Lesões Leves;18;Masculino;0;1;0;0;-18,90934;-46,96792;SPRF-MG;DEL10-MG;UOP01-DEL10-MG
76132;166353;06/10/2017;sexta-feira;23:40:00;MG;365;470;PATROCINIO;Falta de Atenção à Condução;Colisão traseira;Com Vítimas Feridas;Plena Noite;Crescente;Céu Claro;Simples;Reta;Não;137033;Automóvel;FIAT/MAREA SX;1998;Passageiro;Ileso;40;Masculino;1;0;0;0;-18,90934;-46,96792;SPRF-MG;DEL10-MG;UOP01-DEL10-MG
76132;166349;06/10/2017;sexta-feira;23:40:00;MG;365;470;PATROCINIO;Falta de Atenção à Condução;Colisão traseira;Com Vítimas Feridas;Plena Noite;Crescente;Céu Claro;Simples;Reta;Não;137033;Automóvel;FIAT/MAREA SX;1998;Condutor;Ileso;36;Masculino;1;0;0;0;-18,90934;-46,96792;SPRF-MG;DEL10-MG;UOP01-DEL10-MG
76567;164996;08/10/2017;domingo;10:20:00;MG;365;504;PATROCINIO;Não guardar distância de segurança;Colisão traseira;Com Vítimas Feridas;Pleno dia;Decrescente;Céu Claro;Simples;Reta;Não;135895;Automóvel;VW/GOL 1.0;2008;Condutor;Ileso;33;Masculino;1;0;0;0;-18,95876;-47,2492;SPRF-MG;DEL10-MG;UOP01-DEL10-MG
76567;164997;08/10/2017;domingo;10:20:00;MG;365;504;PATROCINIO;Não guardar distância de segurança;Colisão traseira;Com Vítimas Feridas;Pleno dia;Decrescente;Céu Claro;Simples;Reta;Não;135895;Automóvel;VW/GOL 1.0;2008;Passageiro;Ileso;44;Feminino;1;0;0;0;-18,95876;-47,2492;SPRF-MG;DEL10-MG;UOP01-DEL10-MG
76567;164999;08/10/2017;domingo;10:20:00;MG;365;504;PATROCINIO;Não guardar distância de segurança;Colisão traseira;Com Vítimas Feridas;Pleno dia;Decrescente;Céu Claro;Simples;Reta;Não;135895;Automóvel;VW/GOL 1.0;2008;Passageiro;Ileso;31;Masculino;1;0;0;0;-18,95876;-47,2492;SPRF-MG;DEL10-MG;UOP01-DEL10-MG
76567;165000;08/10/2017;domingo;10:20:00;MG;365;504;PATROCINIO;Não guardar distância de segurança;Colisão traseira;Com Vítimas Feridas;Pleno dia;Decrescente;Céu Claro;Simples;Reta;Não;135895;Automóvel;VW/GOL 1.0;2008;Passageiro;Lesões Leves;29;Feminino;0;1;0;0;-18,95876;-47,2492;SPRF-MG;DEL10-MG;UOP01-DEL10-MG
76567;165002;08/10/2017;domingo;10:20:00;MG;365;504;PATROCINIO;Não guardar distância de segurança;Colisão traseira;Com Vítimas Feridas;Pleno dia;Decrescente;Céu Claro;Simples;Reta;Não;135896;Automóvel;VW/NOVO GOL 1.0;2012;Condutor;Ileso;26;Masculino;1;0;0;0;-18,95876;-47,2492;SPRF-MG;DEL10-MG;UOP01-DEL10-MG
76567;165003;08/10/2017;domingo;10:20:00;MG;365;504;PATROCINIO;Não guardar distância de segurança;Colisão traseira;Com Vítimas Feridas;Pleno dia;Decrescente;Céu Claro;Simples;Reta;Não;135896;Automóvel;VW/NOVO GOL 1.0;2012;Passageiro;Ileso;25;Masculino;1;0;0;0;-18,95876;-47,2492;SPRF-MG;DEL10-MG;UOP01-DEL10-MG
76567;165004;08/10/2017;domingo;10:20:00;MG;365;504;PATROCINIO;Não guardar distância de segurança;Colisão traseira;Com Vítimas Feridas;Pleno dia;Decrescente;Céu Claro;Simples;Reta;Não;135896;Automóvel;VW/NOVO GOL 1.0;2012;Passageiro;Ileso;23;Feminino;1;0;0;0;-18,95876;-47,2492;SPRF-MG;DEL10-MG;UOP01-DEL10-MG
76567;165005;08/10/2017;domingo;10:20:00;MG;365;504;PATROCINIO;Não guardar distância de segurança;Colisão traseira;Com Vítimas Feridas;Pleno dia;Decrescente;Céu Claro;Simples;Reta;Não;135896;Automóvel;VW/NOVO GOL 1.0;2012;Passageiro;Ileso;29;Feminino;1;0;0;0;-18,95876;-47,2492;SPRF-MG;DEL10-MG;UOP01-DEL10-MG
76942;165760;09/10/2017;segunda-feira;15:50:00;MG;365;625,1;UBERLANDIA;Falta de Atenção à Condução;Colisão lateral;Com Vítimas Feridas;Pleno dia;Decrescente;Céu Claro;Dupla;Rotatória;Sim;136565;Automóvel;I/FIAT PALIO ATTRACT 1.0;2014;Condutor;Lesões Leves;53;Feminino;0;1;0;0;-18,91030492;-48,30301613;SPRF-MG;DEL15-MG;UOP01-DEL15-MG
76942;165761;09/10/2017;segunda-feira;15:50:00;MG;365;625,1;UBERLANDIA;Falta de Atenção à Condução;Colisão lateral;Com Vítimas Feridas;Pleno dia;Decrescente;Céu Claro;Dupla;Rotatória;Sim;136566;Motocicleta;HONDA/CG 150 TITAN KS;2006;Condutor;Ileso;19;Masculino;1;0;0;0;-18,91030492;-48,30301613;SPRF-MG;DEL15-MG;UOP01-DEL15-MG
76942;165766;09/10/2017;segunda-feira;15:50:00;MG;365;625,1;UBERLANDIA;Falta de Atenção à Condução;Colisão lateral;Com Vítimas Feridas;Pleno dia;Decrescente;Céu Claro;Dupla;Rotatória;Sim;136567;Caminhonete;RENAULT/MASTER FUR L3H2;2014;Condutor;Ileso;64;Masculino;1;0;0;0;-18,91030492;-48,30301613;SPRF-MG;DEL15-MG;UOP01-DEL15-MG
76963;165777;09/10/2017;segunda-feira;17:35:00;MG;365;611;UBERLANDIA;Não guardar distância de segurança;Colisão lateral;Com Vítimas Feridas;Pleno dia;Crescente;Céu Claro;Dupla;Viaduto;Não;136572;Motocicleta;YAMAHA/YBR 125K;2006;Condutor;Lesões Leves;30;Masculino;0;1;0;0;-18,92826626;-48,19284797;SPRF-MG;DEL15-MG;UOP01-DEL15-MG
76963;165778;09/10/2017;segunda-feira;17:35:00;MG;365;611;UBERLANDIA;Não guardar distância de segurança;Colisão lateral;Com Vítimas Feridas;Pleno dia;Crescente;Céu Claro;Dupla;Viaduto;Não;136573;Automóvel;Não Informado/Não Informado;0;Condutor;Não Informado;0;Não Informado;0;0;0;0;-18,92826626;-48,19284797;SPRF-MG;DEL15-MG;UOP01-DEL15-MG
77191;166356;10/10/2017;terça-feira;18:00:00;MG;365;626,2;UBERLANDIA;Falta de Atenção do Pedestre;Atropelamento de Pedestre;Com Vítimas Feridas;Anoitecer;Decrescente;Céu Claro;Dupla;Reta;Sim;137044;Motocicleta;YAMAHA/XT 600 E;2001;Condutor;Lesões Graves;23;Feminino;0;0;1;0;-18,90816424;-48,31334889;SPRF-MG;DEL15-MG;UOP01-DEL15-MG
77191;166360;10/10/2017;terça-feira;18:00:00;MG;365;626,2;UBERLANDIA;Falta de Atenção do Pedestre;Atropelamento de Pedestre;Com Vítimas Feridas;Anoitecer;Decrescente;Céu Claro;Dupla;Reta;Sim;0;NA;NA/NA;0;Pedestre;Lesões Graves;61;Masculino;0;0;1;0;-18,90816424;-48,31334889;SPRF-MG;DEL15-MG;UOP01-DEL15-MG
77418;167052;11/10/2017;quarta-feira;11:15:00;MG;365;614;UBERLANDIA;Desobediência às normas de trânsito pelo condutor;Colisão lateral;Com Vítimas Feridas;Pleno dia;Decrescente;Céu Claro;Simples;"Aclive;Reta";Sim;137503;Caminhonete;I/TOYOTA HILUX CDSRXA4FD;2017;Condutor;Ileso;68;Masculino;1;0;0;0;-18,91505588;-48,21659088;SPRF-MG;DEL15-MG;UOP01-DEL15-MG
77418;167055;11/10/2017;quarta-feira;11:15:00;MG;365;614;UBERLANDIA;Desobediência às normas de trânsito pelo condutor;Colisão lateral;Com Vítimas Feridas;Pleno dia;Decrescente;Céu Claro;Simples;"Aclive;Reta";Sim;137503;Caminhonete;I/TOYOTA HILUX CDSRXA4FD;2017;Passageiro;Ileso;61;Feminino;1;0;0;0;-18,91505588;-48,21659088;SPRF-MG;DEL15-MG;UOP01-DEL15-MG
77418;167074;11/10/2017;quarta-feira;11:15:00;MG;365;614;UBERLANDIA;Desobediência às normas de trânsito pelo condutor;Colisão lateral;Com Vítimas Feridas;Pleno dia;Decrescente;Céu Claro;Simples;"Aclive;Reta";Sim;137504;Motoneta;HONDA/BIZ 125 KS;2011;Condutor;Lesões Graves;29;Masculino;0;0;1;0;-18,91505588;-48,21659088;SPRF-MG;DEL15-MG;UOP01-DEL15-MG
77418;167179;11/10/2017;quarta-feira;11:15:00;MG;365;614;UBERLANDIA;Desobediência às normas de trânsito pelo condutor;Colisão lateral;Com Vítimas Feridas;Pleno dia;Decrescente;Céu Claro;Simples;"Aclive;Reta";Sim;0;NA;NA/NA;0;Testemunha;Não Informado;0;Não Informado;0;0;0;0;-18,91505588;-48,21659088;SPRF-MG;DEL15-MG;UOP01-DEL15-MG
77574;167314;12/10/2017;quinta-feira;03:30:00;MG;365;621,8;UBERLANDIA;Velocidade Incompatível;Saída de leito carroçável;Com Vítimas Feridas;Plena Noite;Crescente;Céu Claro;Dupla;Curva;Sim;137834;Automóvel;FIAT/UNO MILLE WAY ECON;2013;Passageiro;Lesões Leves;23;Masculino;0;1;0;0;-18,9113;-48,2622;SPRF-MG;DEL15-MG;UOP01-DEL15-MG