id;pesid;data_inversa;dia_semana;horario;uf;br;km;municipio;causa_acidente;tipo_acidente;classificacao_acidente;fase_dia;sentido_via;condicao_metereologica;tipo_pista;tracado_via;uso_solo;id_veiculo;tipo_veiculo;marca;ano_fabricacao_veiculo;tipo_envolvido;estado_fisico;idade;sexo;ilesos;feridos_leves;feridos_graves;mortos;latitude;longitude;regional;delegacia;uop
93408;202889;10/12/2017;domingo;21:50:00;MG;365;621;UBERLANDIA;Defeito Mecânico no Veículo;Colisão traseira;Com Vítimas Feridas;Plena Noite;Decrescente;Céu Claro;Dupla;Curva;Sim;167522;Motocicleta;HONDA/CG 150 TITAN ESD;2008;Condutor;Lesões Leves;25;Masculino;0;1;0;0;-18,89374602;-48,27165985;SPRF-MG;DEL15-MG;UOP01-DEL15-MG
93701;203900;11/12/2017;segunda-feira;23:30:00;MG;365;689,1;MONTE ALEGRE DE MINAS;Falta de Atenção à Condução;Colisão traseira;Com Vítimas Feridas;Pleno dia;Decrescente;Céu Claro;Dupla;"Reta;Aclive";Sim;166652;Caminhonete;FIAT/FIORINO 1.4 FLEX;2013;Passageiro;Ileso;35;Masculino;1;0;0;0;-18,87586044;-48,87603046;SPRF-MG;DEL15-MG;UOP03-DEL15-MG
93701;203896;11/12/2017;segunda-feira;23:30:00;MG;365;689,1;MONTE ALEGRE DE MINAS;Falta de Atenção à Condução;Colisão traseira;Com Vítimas Feridas;Pleno dia;Decrescente;Céu Claro;Dupla;"Reta;Aclive";Sim;166652;Caminhonete;FIAT/FIORINO 1.4 FLEX;2013;Condutor;Ileso;46;Masculino;1;0;0;0;-18,87586044;-48,87603046;SPRF-MG;DEL15-MG;UOP03-DEL15-MG
93701;203902;11/12/2017;segunda-feira;23:30:00;MG;365;689,1;MONTE ALEGRE DE MINAS;Falta de Atenção à Condução;Colisão traseira;Com Vítimas Feridas;Pleno dia;Decrescente;Céu Claro;Dupla;"Reta;Aclive";Sim;166653;Utilitário;I/SUZUKI G.VITARA 2WD 5P;2014;Condutor;Lesões Graves;47;Masculino;0;0;1;0;-18,87586044;-48,87603046;SPRF-MG;DEL15-MG;UOP03-DEL15-MG
94508;205178;15/12/2017;sexta-feira;06:30:00;MG;365;687;MONTE ALEGRE DE MINAS;Velocidade Incompatível;Capotamento;Com Vítimas Feridas;Pleno dia;Decrescente;Nublado;Dupla;Curva;Não;169576;Caminhonete;MMC/L200 TRITON HPE D;2014;Condutor;Lesões Graves;49;Masculino;0;0;1;0;-18,8526826;-48,7813039;SPRF-MG;DEL15-MG;UOP01-DEL15-MG
94719;204293;15/12/2017;sexta-feira;20:20:00;MG;365;646;UBERLANDIA;Defeito na Via;Capotamento;Com Vítimas Feridas;Plena Noite;Decrescente;Chuva;Dupla;Aclive;Não;168775;Automóvel;FIAT/UNO MILLE ECONOMY;2008;Condutor;Lesões Leves;37;Masculino;0;1;0;0;-18,88874635;-48,446365;SPRF-MG;DEL15-MG;UOP01-DEL15-MG
94851;204823;15/12/2017;sexta-feira;21:15:00;MG;365;432,2;PATOS DE MINAS;Desobediência às normas de trânsito pelo condutor;Colisão transversal;Com Vítimas Feridas;Plena Noite;Crescente;Garoa/Chuvisco;Simples;"Interseção de Vias;Reta;Declive";Não;168821;Automóvel;VW/VOYAGE 1.0;2009;Condutor;Ileso;30;Masculino;1;0;0;0;-18,75906;-46,66389;SPRF-MG;DEL10-MG;UOP01-DEL10-MG
94851;204832;15/12/2017;sexta-feira;21:15:00;MG;365;432,2;PATOS DE MINAS;Desobediência às normas de trânsito pelo condutor;Colisão transversal;Com Vítimas Feridas;Plena Noite;Crescente;Garoa/Chuvisco;Simples;"Interseção de Vias;Reta;Declive";Não;168821;Automóvel;VW/VOYAGE 1.0;2009;Passageiro;Lesões Leves;43;Feminino;0;1;0;0;-18,75906;-46,66389;SPRF-MG;DEL10-MG;UOP01-DEL10-MG
94851;204829;15/12/2017;sexta-feira;21:15:00;MG;365;432,2;PATOS DE MINAS;Desobediência às normas de trânsito pelo condutor;Colisão transversal;Com Vítimas Feridas;Plena Noite;Crescente;Garoa/Chuvisco;Simples;"Interseção de Vias;Reta;Declive";Não;168822;Automóvel;VW/GOL 1.6 COPA;2006;Condutor;Ileso;21;Masculino;1;0;0;0;-18,75906;-46,66389;SPRF-MG;DEL10-MG;UOP01-DEL10-MG
94851;204842;15/12/2017;sexta-feira;21:15:00;MG;365;432,2;PATOS DE MINAS;Desobediência às normas de trânsito pelo condutor;Colisão transversal;Com Vítimas Feridas;Plena Noite;Crescente;Garoa/Chuvisco;Simples;"Interseção de Vias;Reta;Declive";Não;168822;Automóvel;VW/GOL 1.6 COPA;2006;Passageiro;Ileso;25;Masculino;1;0;0;0;-18,75906;-46,66389;SPRF-MG;DEL10-MG;UOP01-DEL10-MG
94851;204836;15/12/2017;sexta-feira;21:15:00;MG;365;432,2;PATOS DE MINAS;Desobediência às normas de trânsito pelo condutor;Colisão transversal;Com Vítimas Feridas;Plena Noite;Crescente;Garoa/Chuvisco;Simples;"Interseção de Vias;Reta;Declive";Não;168822;Automóvel;VW/GOL 1.6 COPA;2006;Passageiro;Lesões Leves;29;Masculino;0;1;0;0;-18,75906;-46,66389;SPRF-MG;DEL10-MG;UOP01-DEL10-MG
94851;204830;15/12/2017;sexta-feira;21:15:00;MG;365;432,2;PATOS DE MINAS;Desobediência às normas de trânsito pelo condutor;Colisão transversal;Com Vítimas Feridas;Plena Noite;Crescente;Garoa/Chuvisco;Simples;"Interseção de Vias;Reta;Declive";Não;0;NA;NA/NA;0;Testemunha;Não Informado;0;Não Informado;0;0;0;0;-18,75906;-46,66389;SPRF-MG;DEL10-MG;UOP01-DEL10-MG
95066;204772;16/12/2017;sábado;18:10:00;MG;365;627;UBERLANDIA;Falta de Atenção à Condução;Colisão traseira;Sem Vítimas;Pleno dia;Crescente;Nublado;Dupla;Interseção de Vias;Sim;169243;Automóvel;CHEVROLET/CELTA 1.0L LT;2011;Condutor;Não Informado;0;Não Informado;0;0;0;0;-18,92037043;-48,30978733;SPRF-MG;DEL15-MG;UOP01-DEL15-MG
95066;204763;16/12/2017;sábado;18:10:00;MG;365;627;UBERLANDIA;Falta de Atenção à Condução;Colisão traseira;Sem Vítimas;Pleno dia;Crescente;Nublado;Dupla;Interseção de Vias;Sim;169243;Automóvel;CHEVROLET/CELTA 1.0L LT;2011;Passageiro;Ileso;21;Feminino;1;0;0;0;-18,92037043;-48,30978733;SPRF-MG;DEL15-MG;UOP01-DEL15-MG
95066;204761;16/12/2017;sábado;18:10:00;MG;365;627;UBERLANDIA;Falta de Atenção à Condução;Colisão traseira;Sem Vítimas;Pleno dia;Crescente;Nublado;Dupla;Interseção de Vias;Sim;169236;Caminhonete;FIAT/STRADA TREK FLEX;2012;Passageiro;Ileso;34;Feminino;1;0;0;0;-18,92037043;-48,30978733;SPRF-MG;DEL15-MG;UOP01-DEL15-MG
95066;204759;16/12/2017;sábado;18:10:00;MG;365;627;UBERLANDIA;Falta de Atenção à Condução;Colisão traseira;Sem Vítimas;Pleno dia;Crescente;Nublado;Dupla;Interseção de Vias;Sim;169236;Caminhonete;FIAT/STRADA TREK FLEX;2012;Condutor;Ileso;29;Masculino;1;0;0;0;-18,92037043;-48,30978733;SPRF-MG;DEL15-MG;UOP01-DEL15-MG
95190;207493;17/12/2017;domingo;05:05:00;MG;365;462;PATROCINIO;Condutor Dormindo;Colisão frontal;Com Vítimas Fatais;Amanhecer;Decrescente;Nublado;Simples;Reta;Não;171305;Automóvel;I/VW PASSAT TURBO;2001;Condutor;Óbito;31;Masculino;0;0;0;1;-18,9436;-46,9923;SPRF-MG;DEL10-MG;UOP01-DEL10-MG
95230;205324;17/12/2017;domingo;06:20:00;MG;365;593,1;INDIANOPOLIS;Fenômenos da Natureza;Colisão com objeto estático;Com Vítimas Fatais;Amanhecer;Crescente;Ignorado;Simples;Curva;Não;169696;Motocicleta;HONDA/CG 150 TITAN KS;2006;Condutor;Óbito;22;Masculino;0;0;0;1;-18,88161642;-48,05316639;SPRF-MG;DEL15-MG;UOP02-DEL15-MG
95250;205076;17/12/2017;domingo;09:00:00;MG;365;623,8;UBERLANDIA;Falta de Atenção à Condução;Colisão com objeto estático;Sem Vítimas;Pleno dia;Crescente;Sol;Múltipla;Reta;Sim;169508;Automóvel;FORD/KA FLEX;2012;Condutor;Não Informado;0;Não Informado;0;0;0;0;-18,88988551;-48,26910176;SPRF-MG;DEL15-MG;UOP01-DEL15-MG
95794;209031;18/12/2017;segunda-feira;13:18:00;MG;365;470;PATROCINIO;Velocidade Incompatível;Capotamento;Com Vítimas Feridas;Pleno dia;Decrescente;Céu Claro;Simples;Reta;Não;172526;Caminhonete;CHEVROLET/S10 LTZ FD2;2013;Condutor;Lesões Leves;32;Masculino;0;1;0;0;-18,92314;-46,99288;SPRF-MG;DEL10-MG;UOP01-DEL10-MG
95988;208355;19/12/2017;terça-feira;12:30:00;MG;365;426;PATOS DE MINAS;Falta de Atenção à Condução;Colisão traseira;Com Vítimas Feridas;Pleno dia;Crescente;Nublado;Simples;"Reta;Declive";Não;170756;Automóvel;FIAT/PALIO FIRE ECONOMY;2011;Condutor;Lesões Graves;51;Masculino;0;0;1;0;-18,73246889;-46,62375033;SPRF-MG;DEL10-MG;UOP01-DEL10-MG
96002;207091;19/12/2017;terça-feira;19:20:00;MG;365;613;UBERLANDIA;Avarias e/ou desgaste excessivo no pneu;Tombamento;Com Vítimas Feridas;Anoitecer;Crescente;Céu Claro;Dupla;Reta;Não;170996;Motocicleta;HONDA/CG 150 TITAN KS;2007;Passageiro;Lesões Leves;19;Feminino;0;1;0;0;-18,88491867;-48,26517105;SPRF-MG;DEL15-MG;UOP01-DEL15-MG
96002;207089;19/12/2017;terça-feira;19:20:00;MG;365;613;UBERLANDIA;Avarias e/ou desgaste excessivo no pneu;Tombamento;Com Vítimas Feridas;Anoitecer;Crescente;Céu Claro;Dupla;Reta;Não;170996;Motocicleta;HONDA/CG 150 TITAN KS;2007;Condutor;Lesões Leves;19;Feminino;0;1;0;0;-18,88491867;-48,26517105;SPRF-MG;DEL15-MG;UOP01-DEL15-MG
96683;211073;22/12/2017;sexta-feira;00:40:00;MG;365;638;UBERLANDIA;Condutor Dormindo;Colisão traseira;Sem Vítimas;Plena Noite;Decrescente;Chuva;Dupla;Reta;Não;172095;Caminhonete;FIAT/DUCATO M RONTAN AMB;2005;Condutor;Ileso;21;Masculino;1;0;0;0;-18,8954;-48,399;SPRF-MG;DEL15-MG;UOP01-DEL15-MG
96728;209448;22/12/2017;sexta-feira;05:10:00;MG;365;429,6;PATOS DE MINAS;Ultrapassagem Indevida;Saída de leito carroçável;Com Vítimas Feridas;Amanhecer;Crescente;Céu Claro;Simples;Reta;Não;172086;Automóvel;CITROEN/XSARA PICASSOGXS;2005;Condutor;Lesões Leves;41;Masculino;0;1;0;0;-18,579351;-46,51844;SPRF-MG;DEL10-MG;UOP01-DEL10-MG
97260;213017;23/12/2017;sábado;10:30:00;MG;365;429,8;PATOS DE MINAS;Defeito Mecânico no Veículo;Colisão traseira;Sem Vítimas;Pleno dia;Decrescente;Sol;Simples;"Curva;Aclive";Não;173499;Caminhonete;I/TOYOTA HILUX CD4X4 SRV;2014;Passageiro;Ileso;39;Feminino;1;0;0;0;-18,75280672;-46,64690282;SPRF-MG;DEL10-MG;UOP01-DEL10-MG
97260;212995;23/12/2017;sábado;10:30:00;MG;365;429,8;PATOS DE MINAS;Defeito Mecânico no Veículo;Colisão traseira;Sem Vítimas;Pleno dia;Decrescente;Sol;Simples;"Curva;Aclive";Não;173499;Caminhonete;I/TOYOTA HILUX CD4X4 SRV;2014;Condutor;Ileso;44;Masculino;1;0;0;0;-18,75280672;-46,64690282;SPRF-MG;DEL10-MG;UOP01-DEL10-MG
97260;213041;23/12/2017;sábado;10:30:00;MG;365;429,8;PATOS DE MINAS;Defeito Mecânico no Veículo;Colisão traseira;Sem Vítimas;Pleno dia;Decrescente;Sol;Simples;"Curva;Aclive";Não;173498;Automóvel;FIAT/UNO MILLE WAY ECON;2009;Passageiro;Ileso;18;Feminino;1;0;0;0;-18,75280672;-46,64690282;SPRF-MG;DEL10-MG;UOP01-DEL10-MG
97260;212983;23/12/2017;sábado;10:30:00;MG;365;429,8;PATOS DE MINAS;Defeito Mecânico no Veículo;Colisão traseira;Sem Vítimas;Pleno dia;Decrescente;Sol;Simples;"Curva;Aclive";Não;173498;Automóvel;FIAT/UNO MILLE WAY ECON;2009;Condutor;Ileso;33;Masculino;1;0;0;0;-18,75280672;-46,64690282;SPRF-MG;DEL10-MG;UOP01-DEL10-MG
97260;212973;23/12/2017;sábado;10:30:00;MG;365;429,8;PATOS DE MINAS;Defeito Mecânico no Veículo;Colisão traseira;Sem Vítimas;Pleno dia;Decrescente;Sol;Simples;"Curva;Aclive";Não;173497;Caminhonete;FIAT/TORO FREEDOM AT;2017;Condutor;Ileso;36;Masculino;1;0;0;0;-18,75280672;-46,64690282;SPRF-MG;DEL10-MG;UOP01-DEL10-MG
97311;209682;23/12/2017;sábado;11:40:00;MG;365;463;PATROCINIO;Falta de Atenção do Pedestre;Colisão traseira;Com Vítimas Feridas;Pleno dia;Crescente;Sol;Simples;Reta;Não;173143;Automóvel;VW/GOL MI;1997;Condutor;Lesões Leves;59;Masculino;0;1;0;0;-18,88387377;-46,92140579;SPRF-MG;DEL10-MG;UOP01-DEL10-MG
97369;211406;23/12/2017;sábado;14:10:00;MG;365;630;UBERLANDIA;Objeto estático sobre o leito carroçável;Danos eventuais;Sem Vítimas;Pleno dia;Crescente;Céu Claro;Dupla;Reta;Não;174343;Utilitário;JEEP/RENEGADE SPORT AT D;2017;Condutor;Ileso;41;Masculino;1;0;0;0;-18,9146078;-48,2753801;SPRF-MG;DEL15-MG;UOP01-DEL15-MG
97408;210655;23/12/2017;sábado;15:00:00;MG;365;482;PATROCINIO;Falta de Atenção à Condução;Colisão lateral;Com Vítimas Feridas;Pleno dia;Decrescente;Céu Claro;Dupla;Reta;Não;173472;Automóvel;GM/CELTA 2P LIFE;2005;Condutor;Ileso;35;Masculino;1;0;0;0;-18,9436;-46,9923;SPRF-MG;DEL10-MG;UOP01-DEL10-MG
97408;210133;23/12/2017;sábado;15:00:00;MG;365;482;PATROCINIO;Falta de Atenção à Condução;Colisão lateral;Com Vítimas Feridas;Pleno dia;Decrescente;Céu Claro;Dupla;Reta;Não;173471;Motocicleta;HONDA/CG 150 FAN ESI;2011;Condutor;Lesões Graves;24;Masculino;0;0;1;0;-18,9436;-46,9923;SPRF-MG;DEL10-MG;UOP01-DEL10-MG
98213;216687;25/12/2017;segunda-feira;22:50:00;MG;365;428;PATOS DE MINAS;Falta de Atenção à Condução;Colisão lateral;Sem Vítimas;Plena Noite;Crescente;Céu Claro;Simples;Ponte;Não;174491;Automóvel;GM/CORSA WIND;1997;Condutor;Ileso;35;Masculino;1;0;0;0;-18,579351;-46,51844;SPRF-MG;DEL10-MG;UOP01-DEL10-MG
98213;216695;25/12/2017;segunda-feira;22:50:00;MG;365;428;PATOS DE MINAS;Falta de Atenção à Condução;Colisão lateral;Sem Vítimas;Plena Noite;Crescente;Céu Claro;Simples;Ponte;Não;174491;Automóvel;GM/CORSA WIND;1997;Passageiro;Ileso;6;Feminino;1;0;0;0;-18,579351;-46,51844;SPRF-MG;DEL10-MG;UOP01-DEL10-MG
98213;216693;25/12/2017;segunda-feira;22:50:00;MG;365;428;PATOS DE MINAS;Falta de Atenção à Condução;Colisão lateral;Sem Vítimas;Plena Noite;Crescente;Céu Claro;Simples;Ponte;Não;174491;Automóvel;GM/CORSA WIND;1997;Passageiro;Ileso;28;Feminino;1;0;0;0;-18,579351;-46,51844;SPRF-MG;DEL10-MG;UOP01-DEL10-MG
98452;215307;26/12/2017;terça-feira;18:30:00;MG;365;621;UBERLANDIA;Não guardar distância de segurança;Colisão traseira;Com Vítimas Feridas;Anoitecer;Crescente;Vento;Dupla;Reta;Sim;174996;Automóvel;VW/GOL 1.8 RALLYE;2005;Condutor;Ileso;35;Masculino;1;0;0;0;-18,89825037;-48,27211726;SPRF-MG;DEL15-MG;UOP01-DEL15-MG
98452;215291;26/12/2017;terça-feira;18:30:00;MG;365;621;UBERLANDIA;Não guardar distância de segurança;Colisão traseira;Com Vítimas Feridas;Anoitecer;Crescente;Vento;Dupla;Reta;Sim;174989;Motocicleta;HONDA/CG 125;1987;Condutor;Lesões Leves;17;Feminino;0;1;0;0;-18,89825037;-48,27211726;SPRF-MG;DEL15-MG;UOP01-DEL15-MG
98452;215298;26/12/2017;terça-feira;18:30:00;MG;365;621;UBERLANDIA;Não guardar distância de segurança;Colisão traseira;Com Vítimas Feridas;Anoitecer;Crescente;Vento;Dupla;Reta;Sim;174994;Automóvel;I/FORD FOCUS HC FLEX;2010;Condutor;Ileso;45;Masculino;1;0;0;0;-18,89825037;-48,27211726;SPRF-MG;DEL15-MG;UOP01-DEL15-MG
99486;215435;30/12/2017;sábado;09:20:00;MG;365;492;PATROCINIO;Velocidade Incompatível;Capotamento;Com Vítimas Feridas;Pleno dia;Decrescente;Chuva;Simples;Reta;Não;177095;Automóvel;TOYOTA/COROLLA GLI18FLEX;2009;Condutor;Lesões Leves;52;Masculino;0;1;0;0;-18,90888488;-47,1862793;SPRF-MG;DEL10-MG;UOP01-DEL10-MG
99972;218362;31/12/2017;domingo;23:40:00;MG;365;517;MONTE CARMELO;Ingestão de Álcool;Saída de leito carroçável;Com Vítimas Fatais;Plena Noite;Crescente;Nublado;Simples;Curva;Não;177694;Automóvel;VW/GOL 1.0;2010;Passageiro;Lesões Leves;20;Masculino;0;1;0;0;-18,91463;-47,3556;SPRF-MG;DEL10-MG;UOP01-DEL10-MG
99972;216338;31/12/2017;domingo;23:40:00;MG;365;517;MONTE CARMELO;Ingestão de Álcool;Saída de leito carroçável;Com Vítimas Fatais;Plena Noite;Crescente;Nublado;Simples;Curva;Não;177694;Automóvel;VW/GOL 1.0;2010;Condutor;Lesões Graves;40;Masculino;0;0;1;0;-18,91463;-47,3556;SPRF-MG;DEL10-MG;UOP01-DEL10-MG
99972;216340;31/12/2017;domingo;23:40:00;MG;365;517;MONTE CARMELO;Ingestão de Álcool;Saída de leito carroçável;Com Vítimas Fatais;Plena Noite;Crescente;Nublado;Simples;Curva;Não;177694;Automóvel;VW/GOL 1.0;2010;Passageiro;Óbito;41;Feminino;0;0;0;1;-18,91463;-47,3556;SPRF-MG;DEL10-MG;UOP01-DEL10-MG
100025;216337;01/12/2017;sexta-feira;04:45:00;MG;365;612,3;UBERLANDIA;Falta de Atenção à Condução;Queda de ocupante de veículo;Com Vítimas Feridas;Plena Noite;Decrescente;Garoa/Chuvisco;Simples;Reta;Sim;177692;Motocicleta;HONDA/CG150 FAN ESDI;2013;Condutor;Lesões Graves;37;Masculino;0;0;1;0;-18,92341884;-48,20124865;SPRF-MG;DEL15-MG;UOP01-DEL15-MG
105475;229232;10/12/2017;domingo;05:00:00;MG;365;656;UBERLANDIA;Pista Escorregadia;Danos eventuais;Sem Vítimas;Plena Noite;Crescente;Céu Claro;Dupla;Reta;Não;187376;Automóvel;HONDA/CIVIC EXS FLEX;2009;Condutor;Ileso;0;Masculino;1;0;0;0;-18,88309413;-48,45756917;SPRF-MG;DEL15-MG;UOP01-DEL15-MG
109097;237179;20/12/2017;quarta-feira;17:20:00;MG;365;624,9;UBERLANDIA;Ultrapassagem Indevida;Colisão lateral;Com Vítimas Feridas;Pleno dia;Crescente;Céu Claro;Dupla;Interseção de Vias;Sim;194146;Automóvel;FIAT/UNO ATTRACTIVE 1.0;2015;Condutor;Ileso;0;Masculino;1;0;0;0;-18,90816009;-48,3134986;SPRF-MG;DEL15-MG;UOP01-DEL15-MG
109097;237192;20/12/2017;quarta-feira;17:20:00;MG;365;624,9;UBERLANDIA;Ultrapassagem Indevida;Colisão lateral;Com Vítimas Feridas;Pleno dia;Crescente;Céu Claro;Dupla;Interseção de Vias;Sim;194147;Motocicleta;HONDA/CG 160 TITAN EX;2016;Passageiro;Lesões Leves;0;Masculino;0;1;0;0;-18,90816009;-48,3134986;SPRF-MG;DEL15-MG;UOP01-DEL15-MG
109097;237188;20/12/2017;quarta-feira;17:20:00;MG;365;624,9;UBERLANDIA;Ultrapassagem Indevida;Colisão lateral;Com Vítimas Feridas;Pleno dia;Crescente;Céu Claro;Dupla;Interseção de Vias;Sim;194147;Motocicleta;HONDA/CG 160 TITAN EX;2016;Condutor;Lesões Leves;0;Masculino;0;1;0;0;-18,90816009;-48,3134986;SPRF-MG;DEL15-MG;UOP01-DEL15-MG
120128;261815;16/07/2017;domingo;03:50:00;MG;365;487;PATROCINIO;Condutor Dormindo;Saída de leito carroçável;Com Vítimas Feridas;Plena Noite;Decrescente;Ignorado;Simples;Reta;Não;214668;Caminhonete;VW/SAVEIRO 1.6 CE;2010;Condutor;Ileso;0;Ignorado;1;0;0;0;-18,91408152;-47,04208374;SPRF-MG;DEL10-MG;UOP01-DEL10-MG
120128;261821;16/07/2017;domingo;03:50:00;MG;365;487;PATROCINIO;Condutor Dormindo;Saída de leito carroçável;Com Vítimas Feridas;Plena Noite;Decrescente;Ignorado;Simples;Reta;Não;214668;Caminhonete;VW/SAVEIRO 1.6 CE;2010;Passageiro;Lesões Leves;0;Masculino;0;1;0;0;-18,91408152;-47,04208374;SPRF-MG;DEL10-MG;UOP01-DEL10-MG
128725;277504;29/11/2017;quarta-feira;08:00:00;MG;365;626;UBERLANDIA;Falta de Atenção à Condução;Colisão traseira;Com Vítimas Feridas;Pleno dia;Decrescente;Céu Claro;Dupla;Reta;Sim;227287;Caminhonete;GM/S10 COLINA D 4X4;2004;Condutor;Ileso;35;Masculino;1;0;0;0;-18,9049;-48,2878;SPRF-MG;DEL15-MG;UOP01-DEL15-MG
128725;277506;29/11/2017;quarta-feira;08:00:00;MG;365;626;UBERLANDIA;Falta de Atenção à Condução;Colisão traseira;Com Vítimas Feridas;Pleno dia;Decrescente;Céu Claro;Dupla;Reta;Sim;227288;Motocicleta;HONDA/CG 125 FAN KS;2011;Passageiro;Lesões Leves;21;Feminino;0;1;0;0;-18,9049;-48,2878;SPRF-MG;DEL15-MG;UOP01-DEL15-MG
128725;277505;29/11/2017;quarta-feira;08:00:00;MG;365;626;UBERLANDIA;Falta de Atenção à Condução;Colisão traseira;Com Vítimas Feridas;Pleno dia;Decrescente;Céu Claro;Dupla;Reta;Sim;227288;Motocicleta;HONDA/CG 125 FAN KS;2011;Condutor;Lesões Graves;22;Masculino;0;0;1;0;-18,9049;-48,2878;SPRF-MG;DEL15-MG;UOP01-DEL15-MG
131727;284621;07/01/2017;sábado;04:15:00;MG;365;612;UBERLANDIA;Falta de Atenção à Condução;Colisão lateral;Com Vítimas Feridas;Plena Noite;Crescente;Nublado;Simples;Reta;Sim;232871;Automóvel;GM/KADETT GL;1994;Condutor;Lesões Leves;20;Masculino;0;1;0;0;-18,91829624;-48,20966005;SPRF-MG;DEL15-MG;UOP02-DEL15-MG
135093;292185;08/07/2017;sábado;08:15:00;MG;365;637,3;UBERLANDIA;Animais na Pista;Colisão traseira;Com Vítimas Feridas;Pleno dia;Crescente;Céu Claro;Dupla;Reta;Não;238848;Caminhonete;I/FORD RANGER XL CD4 22H;2014;Condutor;Ileso;55;Masculino;1;0;0;0;-18,8830109;-48,47927034;SPRF-MG;DEL15-MG;UOP01-DEL15-MG
135093;292183;08/07/2017;sábado;08:15:00;MG;365;637,3;UBERLANDIA;Animais na Pista;Colisão traseira;Com Vítimas Feridas;Pleno dia;Crescente;Céu Claro;Dupla;Reta;Não;238847;Motocicleta;HONDA/CG150 FAN ESDI;2015;Condutor;Lesões Graves;25;Masculino;0;0;1;0;-18,8830109;-48,47927034;SPRF-MG;DEL15-MG;UOP01-DEL15-MG
135093;292184;08/07/2017;sábado;08:15:00;MG;365;637,3;UBERLANDIA;Animais na Pista;Colisão traseira;Com Vítimas Feridas;Pleno dia;Crescente;Céu Claro;Dupla;Reta;Não;0;NA;NA/NA;0;Testemunha;Não Informado;0;Não Informado;0;0;0;0;-18,8830109;-48,47927034;SPRF-MG;DEL15-MG;UOP01-DEL15-MG
154656;337980;12/06/2017;segunda-feira;17:30:00;MG;365;612;UBERLANDIA;Não guardar distância de segurança;Colisão traseira;Com Vítimas Feridas;Pleno dia;Decrescente;Céu Claro;Simples;Reta;Sim;274575;Automóvel;FORD/KA FLEX;2013;Passageiro;Lesões Leves;41;Feminino;0;1;0;0;-18,92259474;-48,20256883;SPRF-MG;DEL15-MG;UOP01-DEL15-MG
154656;337981;12/06/2017;segunda-feira;17:30:00;MG;365;612;UBERLANDIA;Não guardar distância de segurança;Colisão traseira;Com Vítimas Feridas;Pleno dia;Decrescente;Céu Claro;Simples;Reta;Sim;274575;Automóvel;FORD/KA FLEX;2013;Condutor;Ileso;44;Masculino;1;0;0;0;-18,92259474;-48,20256883;SPRF-MG;DEL15-MG;UOP01-DEL15-MG
177384;390067;26/05/2017;sexta-feira;18:40:00;MG;365;595,5;UBERLANDIA;Ingestão de Álcool;Colisão traseira;Com Vítimas Fatais;Anoitecer;Crescente;Vento;Simples;Reta;Não;316113;Motocicleta;HONDA/CG 150 TITAN KS;2007;Condutor;Lesões Graves;29;Masculino;0;0;1;0;-18,88185006;-48,04974805;SPRF-MG;DEL15-MG;UOP02-DEL15-MG
177384;390069;26/05/2017;sexta-feira;18:40:00;MG;365;595,5;UBERLANDIA;Ingestão de Álcool;Colisão traseira;Com Vítimas Fatais;Anoitecer;Crescente;Vento;Simples;Reta;Não;316113;Motocicleta;HONDA/CG 150 TITAN KS;2007;Passageiro;Óbito;24;Masculino;0;0;0;1;-18,88185006;-48,04974805;SPRF-MG;DEL15-MG;UOP02-DEL15-MG
177384;390068;26/05/2017;sexta-feira;18:40:00;MG;365;595,5;UBERLANDIA;Ingestão de Álcool;Colisão traseira;Com Vítimas Fatais;Anoitecer;Crescente;Vento;Simples;Reta;Não;316114;Caminhonete;FIAT/STRADA WORKING;2001;Condutor;Lesões Leves;50;Masculino;0;1;0;0;-18,88185006;-48,04974805;SPRF-MG;DEL15-MG;UOP02-DEL15-MG